

CREATE TABLE Departamentos (
    ID_D INT PRIMARY KEY,
    DEPARTAMENTO VARCHAR(255) NOT NULL
);

CREATE TABLE Provincias (
    ID_P INT PRIMARY KEY,
    PROVINCIA VARCHAR(255) NOT NULL,
    ID_D INT,
    FOREIGN KEY (ID_D) REFERENCES Departamentos(ID_D)
);

CREATE TABLE Distritos (
    ID_DIST INT PRIMARY KEY,
    DISTRITO VARCHAR(255) NOT NULL,
    ID_P INT,
    FOREIGN KEY (ID_P) REFERENCES Provincias(ID_P)
);

INSERT INTO Departamentos VALUES (1, 'AMAZONAS');
INSERT INTO Departamentos VALUES (2, 'ANCASH');
INSERT INTO Departamentos VALUES (3, 'APURÍMAC');
INSERT INTO Departamentos VALUES (4, 'AREQUIPA');
INSERT INTO Departamentos VALUES (5, 'AYACUCHO');
INSERT INTO Departamentos VALUES (6, 'CAJAMARCA');
INSERT INTO Departamentos VALUES (7, 'CALLAO');
INSERT INTO Departamentos VALUES (8, 'CUSCO');
INSERT INTO Departamentos VALUES (9, 'HUANCAVELICA');
INSERT INTO Departamentos VALUES (10, 'HUÁNUCO');
INSERT INTO Departamentos VALUES (11, 'ICA');
INSERT INTO Departamentos VALUES (12, 'JUNÍN');
INSERT INTO Departamentos VALUES (13, 'LA LIBERTAD');
INSERT INTO Departamentos VALUES (14, 'LAMBAYEQUE');
INSERT INTO Departamentos VALUES (15, 'LIMA');
INSERT INTO Departamentos VALUES (16, 'LORETO');
INSERT INTO Departamentos VALUES (17, 'MADRE DE DIOS');
INSERT INTO Departamentos VALUES (18, 'MOQUEGUA');
INSERT INTO Departamentos VALUES (19, 'PASCO');
INSERT INTO Departamentos VALUES (20, 'PIURA');
INSERT INTO Departamentos VALUES (21, 'PUNO');
INSERT INTO Departamentos VALUES (22, 'SAN MARTÍN');
INSERT INTO Departamentos VALUES (23, 'TACNA');
INSERT INTO Departamentos VALUES (24, 'TUMBES');
INSERT INTO Departamentos VALUES (25, 'UCAYALI');


INSERT INTO Provincias VALUES (101, 'CHACHAPOYAS', 1);
INSERT INTO Provincias VALUES (102, 'BAGUA', 1);
INSERT INTO Provincias VALUES (103, 'BONGARA', 1);
INSERT INTO Provincias VALUES (104, 'CONDORCANQUI', 1);
INSERT INTO Provincias VALUES (105, 'LUYA', 1);
INSERT INTO Provincias VALUES (106, 'RODRIGUEZ DE MENDOZA', 1);
INSERT INTO Provincias VALUES (107, 'UTCUBAMBA', 1);
INSERT INTO Provincias VALUES (201, 'HUARAZ', 2);
INSERT INTO Provincias VALUES (202, 'AIJA', 2);
INSERT INTO Provincias VALUES (203, 'ANTONIO RAYMONDI', 2);
INSERT INTO Provincias VALUES (204, 'ASUNCION', 2);
INSERT INTO Provincias VALUES (205, 'BOLOGNESI', 2);
INSERT INTO Provincias VALUES (206, 'CARHUAZ', 2);
INSERT INTO Provincias VALUES (207, 'CARLOS FERMIN FITZCARRALD', 2);
INSERT INTO Provincias VALUES (208, 'CASMA', 2);
INSERT INTO Provincias VALUES (209, 'CORONGO', 2);
INSERT INTO Provincias VALUES (210, 'HUARI', 2);
INSERT INTO Provincias VALUES (211, 'HUARMEY', 2);
INSERT INTO Provincias VALUES (212, 'HUAYLAS', 2);
INSERT INTO Provincias VALUES (213, 'MARISCAL LUZURIAGA', 2);
INSERT INTO Provincias VALUES (214, 'OCROS', 2);
INSERT INTO Provincias VALUES (215, 'PALLASCA', 2);
INSERT INTO Provincias VALUES (216, 'POMABAMBA', 2);
INSERT INTO Provincias VALUES (217, 'RECUAY', 2);
INSERT INTO Provincias VALUES (218, 'SANTA', 2);
INSERT INTO Provincias VALUES (219, 'SIHUAS', 2);
INSERT INTO Provincias VALUES (220, 'YUNGAY', 2);
INSERT INTO Provincias VALUES (301, 'ABANCAY', 3);
INSERT INTO Provincias VALUES (302, 'ANDAHUAYLAS', 3);
INSERT INTO Provincias VALUES (303, 'ANTABAMBA', 3);
INSERT INTO Provincias VALUES (304, 'AYMARAES', 3);
INSERT INTO Provincias VALUES (305, 'COTABAMBAS', 3);
INSERT INTO Provincias VALUES (306, 'CHINCHEROS', 3);
INSERT INTO Provincias VALUES (307, 'GRAU', 3);
INSERT INTO Provincias VALUES (401, 'AREQUIPA', 4);
INSERT INTO Provincias VALUES (402, 'CAMANÁ', 4);
INSERT INTO Provincias VALUES (403, 'CARAVELÍ', 4);
INSERT INTO Provincias VALUES (404, 'CASTILLA', 4);
INSERT INTO Provincias VALUES (405, 'CAYLLOMA', 4);
INSERT INTO Provincias VALUES (406, 'CONDESUYOS', 4);
INSERT INTO Provincias VALUES (407, 'ISLAY', 4);
INSERT INTO Provincias VALUES (408, 'LA UNIÓN', 4);
INSERT INTO Provincias VALUES (501, 'HUAMANGA', 5);
INSERT INTO Provincias VALUES (502, 'CANGALLO', 5);
INSERT INTO Provincias VALUES (503, 'HUANCA SANCOS', 5);
INSERT INTO Provincias VALUES (504, 'HUANTA', 5);
INSERT INTO Provincias VALUES (505, 'LA MAR', 5);
INSERT INTO Provincias VALUES (506, 'LUCANAS', 5);
INSERT INTO Provincias VALUES (507, 'PARINACOCHAS', 5);
INSERT INTO Provincias VALUES (508, 'PÁUCAR DEL SARA SARA', 5);
INSERT INTO Provincias VALUES (509, 'SUCRE', 5);
INSERT INTO Provincias VALUES (510, 'VÍCTOR FAJARDO', 5);
INSERT INTO Provincias VALUES (511, 'VILCAS HUAMÁN', 5);
INSERT INTO Provincias VALUES (601, 'CAJAMARCA', 6);
INSERT INTO Provincias VALUES (602, 'CAJABAMBA', 6);
INSERT INTO Provincias VALUES (603, 'CELENDÍN', 6);
INSERT INTO Provincias VALUES (604, 'CHOTA', 6);
INSERT INTO Provincias VALUES (605, 'CONTUMAZÁ', 6);
INSERT INTO Provincias VALUES (606, 'CUTERVO', 6);
INSERT INTO Provincias VALUES (607, 'HUALGAYOC', 6);
INSERT INTO Provincias VALUES (608, 'JAÉN', 6);
INSERT INTO Provincias VALUES (609, 'SAN IGNACIO', 6);
INSERT INTO Provincias VALUES (610, 'SAN MARCOS', 6);
INSERT INTO Provincias VALUES (611, 'SAN MIGUEL', 6);
INSERT INTO Provincias VALUES (612, 'SAN PABLO', 6);
INSERT INTO Provincias VALUES (613, 'SANTA CRUZ', 6);
INSERT INTO Provincias VALUES (701, 'CALLAO', 7);
INSERT INTO Provincias VALUES (801, 'CUSCO', 8);
INSERT INTO Provincias VALUES (802, 'ACOMAYO', 8);
INSERT INTO Provincias VALUES (803, 'ANTA', 8);
INSERT INTO Provincias VALUES (804, 'CALCA', 8);
INSERT INTO Provincias VALUES (805, 'CANAS', 8);
INSERT INTO Provincias VALUES (806, 'CANCHIS', 8);
INSERT INTO Provincias VALUES (807, 'CHUMBIVILCAS', 8);
INSERT INTO Provincias VALUES (808, 'ESPINAR', 8);
INSERT INTO Provincias VALUES (809, 'LA CONVENCION', 8);
INSERT INTO Provincias VALUES (810, 'PARURO', 8);
INSERT INTO Provincias VALUES (811, 'PAUCARTAMBO', 8);
INSERT INTO Provincias VALUES (812, 'QUISPICANCHI', 8);
INSERT INTO Provincias VALUES (813, 'URUBAMBA', 8);
INSERT INTO Provincias VALUES (901, 'HUANCAVELICA', 9);
INSERT INTO Provincias VALUES (902, 'ACOBAMBA', 9);
INSERT INTO Provincias VALUES (903, 'ANGARAES', 9);
INSERT INTO Provincias VALUES (904, 'CASTROVIRREYNA', 9);
INSERT INTO Provincias VALUES (905, 'CHURCAMPA', 9);
INSERT INTO Provincias VALUES (906, 'HUAYTARA', 9);
INSERT INTO Provincias VALUES (907, 'TAYACAJA', 9);
INSERT INTO Provincias VALUES (1001, 'HUÁNUCO', 10);
INSERT INTO Provincias VALUES (1002, 'AMBO', 10);
INSERT INTO Provincias VALUES (1003, 'DOS DE MAYO', 10);
INSERT INTO Provincias VALUES (1004, 'HUACAYBAMBA', 10);
INSERT INTO Provincias VALUES (1005, 'HUAMALIES', 10);
INSERT INTO Provincias VALUES (1006, 'LEONCIO PRADO', 10);
INSERT INTO Provincias VALUES (1007, 'MARAÑON', 10);
INSERT INTO Provincias VALUES (1008, 'PACHITEA', 10);
INSERT INTO Provincias VALUES (1009, 'PUERTO INCA', 10);
INSERT INTO Provincias VALUES (1010, 'LAURICOCHA', 10);
INSERT INTO Provincias VALUES (1011, 'YAROWILCA', 10);
INSERT INTO Provincias VALUES (1101, 'ICA', 11);
INSERT INTO Provincias VALUES (1102, 'CHINCHA', 11);
INSERT INTO Provincias VALUES (1103, 'NAZCA', 11);
INSERT INTO Provincias VALUES (1104, 'PALPA', 11);
INSERT INTO Provincias VALUES (1105, 'PISCO', 11);
INSERT INTO Provincias VALUES (1201, 'HUANCAYO', 12);
INSERT INTO Provincias VALUES (1202, 'CONCEPCION', 12);
INSERT INTO Provincias VALUES (1203, 'CHANCHAMAYO', 12);
INSERT INTO Provincias VALUES (1204, 'JAUJA', 12);
INSERT INTO Provincias VALUES (1205, 'JUNIN', 12);
INSERT INTO Provincias VALUES (1206, 'SATIPO', 12);
INSERT INTO Provincias VALUES (1207, 'TARMA', 12);
INSERT INTO Provincias VALUES (1208, 'YAULI', 12);
INSERT INTO Provincias VALUES (1209, 'CHUPACA', 12);
INSERT INTO Provincias VALUES (1301, 'TRUJILLO', 13);
INSERT INTO Provincias VALUES (1302, 'ASCOPE', 13);
INSERT INTO Provincias VALUES (1303, 'BOLIVAR', 13);
INSERT INTO Provincias VALUES (1304, 'CHEPEN', 13);
INSERT INTO Provincias VALUES (1305, 'JULCAN', 13);
INSERT INTO Provincias VALUES (1306, 'OTUZCO', 13);
INSERT INTO Provincias VALUES (1307, 'PACASMAYO', 13);
INSERT INTO Provincias VALUES (1308, 'PATAZ', 13);
INSERT INTO Provincias VALUES (1309, 'SANCHEZ CARRION', 13);
INSERT INTO Provincias VALUES (1310, 'SANTIAGO DE CHUCO', 13);
INSERT INTO Provincias VALUES (1311, 'GRAN CHIMU', 13);
INSERT INTO Provincias VALUES (1312, 'VIRU', 13);
INSERT INTO Provincias VALUES (1401, 'CHICLAYO', 14);
INSERT INTO Provincias VALUES (1402, 'FERREÑAFE', 14);
INSERT INTO Provincias VALUES (1403, 'LAMBAYEQUE', 14);
INSERT INTO Provincias VALUES (1501, 'LIMA', 15);
INSERT INTO Provincias VALUES (1502, 'BARRANCA', 15);
INSERT INTO Provincias VALUES (1503, 'CAJATAMBO', 15);
INSERT INTO Provincias VALUES (1504, 'CANTA', 15);
INSERT INTO Provincias VALUES (1505, 'CAÑETE', 15);
INSERT INTO Provincias VALUES (1506, 'HUARAL', 15);
INSERT INTO Provincias VALUES (1507, 'HUAROCHIRI', 15);
INSERT INTO Provincias VALUES (1508, 'HUAURA', 15);
INSERT INTO Provincias VALUES (1509, 'OYON', 15);
INSERT INTO Provincias VALUES (1510, 'YAUYOS', 15);
INSERT INTO Provincias VALUES (1601, 'MAYNAS', 16);
INSERT INTO Provincias VALUES (1602, 'ALTO AMAZONAS', 16);
INSERT INTO Provincias VALUES (1603, 'LORETO', 16);
INSERT INTO Provincias VALUES (1604, 'MARISCAL RAMON CASTILLA', 16);
INSERT INTO Provincias VALUES (1605, 'REQUENA', 16);
INSERT INTO Provincias VALUES (1606, 'UCAYALI', 16);
INSERT INTO Provincias VALUES (1607, 'DATEM DEL MARAÑON', 16);
INSERT INTO Provincias VALUES (1608, 'PUTUMAYO', 16);
INSERT INTO Provincias VALUES (1701, 'TAMBOPATA', 17);
INSERT INTO Provincias VALUES (1702, 'MANU', 17);
INSERT INTO Provincias VALUES (1703, 'TAHUAMANU', 17);
INSERT INTO Provincias VALUES (1801, 'MARISCAL NIETO', 18);
INSERT INTO Provincias VALUES (1802, 'GENERAL SANCHEZ CERRO', 18);
INSERT INTO Provincias VALUES (1803, 'ILO', 18);
INSERT INTO Provincias VALUES (1901, 'PASCO', 19);
INSERT INTO Provincias VALUES (1902, 'DANIEL ALCIDES CARRION', 19);
INSERT INTO Provincias VALUES (1903, 'OXAPAMPA', 19);
INSERT INTO Provincias VALUES (2001, 'PIURA', 20);
INSERT INTO Provincias VALUES (2002, 'AYABACA', 20);
INSERT INTO Provincias VALUES (2003, 'HUANCABAMBA', 20);
INSERT INTO Provincias VALUES (2004, 'MORROPON', 20);
INSERT INTO Provincias VALUES (2005, 'PAITA', 20);
INSERT INTO Provincias VALUES (2006, 'SULLANA', 20);
INSERT INTO Provincias VALUES (2007, 'TALARA', 20);
INSERT INTO Provincias VALUES (2008, 'SECHURA', 20);
INSERT INTO Provincias VALUES (2101, 'PUNO', 21);
INSERT INTO Provincias VALUES (2102, 'AZANGARO', 21);
INSERT INTO Provincias VALUES (2103, 'CARABAYA', 21);
INSERT INTO Provincias VALUES (2104, 'CHUCUITO', 21);
INSERT INTO Provincias VALUES (2105, 'EL COLLAO', 21);
INSERT INTO Provincias VALUES (2106, 'HUANCANE', 21);
INSERT INTO Provincias VALUES (2107, 'LAMPA', 21);
INSERT INTO Provincias VALUES (2108, 'MELGAR', 21);
INSERT INTO Provincias VALUES (2109, 'MOHO', 21);
INSERT INTO Provincias VALUES (2110, 'SAN ANTONIO DE PUTINA', 21);
INSERT INTO Provincias VALUES (2111, 'SAN ROMAN', 21);
INSERT INTO Provincias VALUES (2112, 'SANDIA', 21);
INSERT INTO Provincias VALUES (2113, 'YUNGUYO', 21);
INSERT INTO Provincias VALUES (2201, 'MOYOBAMBA', 22);
INSERT INTO Provincias VALUES (2202, 'BELLAVISTA', 22);
INSERT INTO Provincias VALUES (2203, 'EL DORADO', 22);
INSERT INTO Provincias VALUES (2204, 'HUALLAGA', 22);
INSERT INTO Provincias VALUES (2205, 'LAMAS', 22);
INSERT INTO Provincias VALUES (2206, 'MARISCAL CACERES', 22);
INSERT INTO Provincias VALUES (2207, 'PICOTA', 22);
INSERT INTO Provincias VALUES (2208, 'RIOJA', 22);
INSERT INTO Provincias VALUES (2209, 'SAN MARTIN', 22);
INSERT INTO Provincias VALUES (2210, 'TOCACHE', 22);
INSERT INTO Provincias VALUES (2301, 'TACNA', 23);
INSERT INTO Provincias VALUES (2302, 'CANDARAVE', 23);
INSERT INTO Provincias VALUES (2303, 'JORGE BASADRE', 23);
INSERT INTO Provincias VALUES (2304, 'TARATA', 23);
INSERT INTO Provincias VALUES (2401, 'TUMBES', 24);
INSERT INTO Provincias VALUES (2402, 'CONTRALMIRANTE VILLAR', 24);
INSERT INTO Provincias VALUES (2403, 'ZARUMILLA', 24);
INSERT INTO Provincias VALUES (2501, 'CORONEL PORTILLO', 25);
INSERT INTO Provincias VALUES (2502, 'ATALAYA', 25);
INSERT INTO Provincias VALUES (2503, 'PADRE ABAD', 25);
INSERT INTO Provincias VALUES (2504, 'PURUS', 25);


INSERT INTO Distritos VALUES (10101, 'CHACHAPOYAS', 101);
INSERT INTO Distritos VALUES (10102, 'ASUNCION', 101);
INSERT INTO Distritos VALUES (10103, 'BALSAS', 101);
INSERT INTO Distritos VALUES (10104, 'CHETO', 101);
INSERT INTO Distritos VALUES (10105, 'CHILIQUIN', 101);
INSERT INTO Distritos VALUES (10106, 'CHUQUIBAMBA', 101);
INSERT INTO Distritos VALUES (10107, 'GRANADA', 101);
INSERT INTO Distritos VALUES (10108, 'HUANCAS', 101);
INSERT INTO Distritos VALUES (10109, 'LA JALCA', 101);
INSERT INTO Distritos VALUES (10110, 'LEIMEBAMBA', 101);
INSERT INTO Distritos VALUES (10111, 'LEVANTO', 101);
INSERT INTO Distritos VALUES (10112, 'MAGDALENA', 101);
INSERT INTO Distritos VALUES (10113, 'MARISCAL CASTILLA', 101);
INSERT INTO Distritos VALUES (10114, 'MOLINOPAMPA', 101);
INSERT INTO Distritos VALUES (10115, 'MONTEVIDEO', 101);
INSERT INTO Distritos VALUES (10116, 'OLLEROS', 101);
INSERT INTO Distritos VALUES (10117, 'QUINJALCA', 101);
INSERT INTO Distritos VALUES (10118, 'SAN FRANCISCO DE DAGUAS', 101);
INSERT INTO Distritos VALUES (10119, 'SAN ISIDRO DE MAINO', 101);
INSERT INTO Distritos VALUES (10120, 'SOLOCO', 101);
INSERT INTO Distritos VALUES (10121, 'SONCHE', 101);
INSERT INTO Distritos VALUES (10201, 'BAGUA', 102);
INSERT INTO Distritos VALUES (10202, 'ARAMANGO', 102);
INSERT INTO Distritos VALUES (10203, 'COPALLIN', 102);
INSERT INTO Distritos VALUES (10204, 'EL PARCO', 102);
INSERT INTO Distritos VALUES (10205, 'IMAZA', 102);
INSERT INTO Distritos VALUES (10206, 'LA PECA', 102);
INSERT INTO Distritos VALUES (10301, 'JUMBILLA', 103);
INSERT INTO Distritos VALUES (10302, 'CHISQUILLA', 103);
INSERT INTO Distritos VALUES (10303, 'CHURUJA', 103);
INSERT INTO Distritos VALUES (10304, 'COROSHA', 103);
INSERT INTO Distritos VALUES (10305, 'CUISPES', 103);
INSERT INTO Distritos VALUES (10306, 'FLORIDA', 103);
INSERT INTO Distritos VALUES (10307, 'JAZAN', 103);
INSERT INTO Distritos VALUES (10308, 'RECTA', 103);
INSERT INTO Distritos VALUES (10309, 'SAN CARLOS', 103);
INSERT INTO Distritos VALUES (10310, 'SHIPASBAMBA', 103);
INSERT INTO Distritos VALUES (10311, 'VALERA', 103);
INSERT INTO Distritos VALUES (10312, 'YAMBRASBAMBA', 103);
INSERT INTO Distritos VALUES (10313, 'PROVIDENCIA', 103);
INSERT INTO Distritos VALUES (10401, 'NIEVA', 104);
INSERT INTO Distritos VALUES (10402, 'EL CENEPA', 104);
INSERT INTO Distritos VALUES (10403, 'RIO SANTIAGO', 104);
INSERT INTO Distritos VALUES (10501, 'LAMUD', 105);
INSERT INTO Distritos VALUES (10502, 'CAMPORREDONDO', 105);
INSERT INTO Distritos VALUES (10503, 'COCABAMBA', 105);
INSERT INTO Distritos VALUES (10504, 'COLCAMAR', 105);
INSERT INTO Distritos VALUES (10505, 'CONILA', 105);
INSERT INTO Distritos VALUES (10506, 'INGUILPATA', 105);
INSERT INTO Distritos VALUES (10507, 'LONGUITA', 105);
INSERT INTO Distritos VALUES (10508, 'LONYA CHICO', 105);
INSERT INTO Distritos VALUES (10509, 'LUYA', 105);
INSERT INTO Distritos VALUES (10510, 'LUYA VIEJO', 105);
INSERT INTO Distritos VALUES (10511, 'MARIA', 105);
INSERT INTO Distritos VALUES (10512, 'OCALLI', 105);
INSERT INTO Distritos VALUES (10513, 'OCUMAL', 105);
INSERT INTO Distritos VALUES (10514, 'PISUQUIA', 105);
INSERT INTO Distritos VALUES (10515, 'PROVIDENCIA', 105);
INSERT INTO Distritos VALUES (10516, 'SAN CRISTOBAL', 105);
INSERT INTO Distritos VALUES (10517, 'SAN FRANCISCO DE YESO', 105);
INSERT INTO Distritos VALUES (10518, 'SAN JERONIMO', 105);
INSERT INTO Distritos VALUES (10519, 'SAN JUAN DE LOPECANCHA', 105);
INSERT INTO Distritos VALUES (10520, 'SANTA CATALINA', 105);
INSERT INTO Distritos VALUES (10521, 'SANTO TOMAS', 105);
INSERT INTO Distritos VALUES (10522, 'TINGO', 105);
INSERT INTO Distritos VALUES (10523, 'TRITA', 105);
INSERT INTO Distritos VALUES (10601, 'SAN NICOLAS', 106);
INSERT INTO Distritos VALUES (10602, 'CHIRIMOTO', 106);
INSERT INTO Distritos VALUES (10603, 'COCHAMAL', 106);
INSERT INTO Distritos VALUES (10604, 'HUAMBO', 106);
INSERT INTO Distritos VALUES (10605, 'LIMABAMBA', 106);
INSERT INTO Distritos VALUES (10606, 'LONGAR', 106);
INSERT INTO Distritos VALUES (10607, 'MARISCAL BENAVIDES', 106);
INSERT INTO Distritos VALUES (10608, 'MILPUC', 106);
INSERT INTO Distritos VALUES (10609, 'OMIA', 106);
INSERT INTO Distritos VALUES (10610, 'SANTA ROSA', 106);
INSERT INTO Distritos VALUES (10611, 'TOTORA', 106);
INSERT INTO Distritos VALUES (10612, 'VISTA ALEGRE', 106);
INSERT INTO Distritos VALUES (10701, 'BAGUA GRANDE', 107);
INSERT INTO Distritos VALUES (10702, 'CAJARURO', 107);
INSERT INTO Distritos VALUES (10703, 'CUMBA', 107);
INSERT INTO Distritos VALUES (10704, 'EL MILAGRO', 107);
INSERT INTO Distritos VALUES (10705, 'JAMALCA', 107);
INSERT INTO Distritos VALUES (10706, 'LONYA GRANDE', 107);
INSERT INTO Distritos VALUES (10707, 'YAMON', 107);
INSERT INTO Distritos VALUES (20101, 'HUARAZ', 201);
INSERT INTO Distritos VALUES (20102, 'COCHABAMBA', 201);
INSERT INTO Distritos VALUES (20103, 'COLCABAMBA', 201);
INSERT INTO Distritos VALUES (20104, 'HUANCHAY', 201);
INSERT INTO Distritos VALUES (20105, 'INDEPENDENCIA', 201);
INSERT INTO Distritos VALUES (20106, 'JANGAS', 201);
INSERT INTO Distritos VALUES (20107, 'LA LIBERTAD', 201);
INSERT INTO Distritos VALUES (20108, 'OLLEROS', 201);
INSERT INTO Distritos VALUES (20109, 'PAMPAS GRANDE', 201);
INSERT INTO Distritos VALUES (20110, 'PARIACOTO', 201);
INSERT INTO Distritos VALUES (20111, 'PIRA', 201);
INSERT INTO Distritos VALUES (20112, 'TARICA', 201);
INSERT INTO Distritos VALUES (20201, 'AIJA', 202);
INSERT INTO Distritos VALUES (20202, 'CORIS', 202);
INSERT INTO Distritos VALUES (20203, 'HUACLLAN', 202);
INSERT INTO Distritos VALUES (20204, 'LA MERCED', 202);
INSERT INTO Distritos VALUES (20205, 'SUCCHA', 202);
INSERT INTO Distritos VALUES (20301, 'LLAMELLIN', 203);
INSERT INTO Distritos VALUES (20302, 'ACZO', 203);
INSERT INTO Distritos VALUES (20303, 'CHACCHO', 203);
INSERT INTO Distritos VALUES (20304, 'CHINGAS', 203);
INSERT INTO Distritos VALUES (20305, 'MIRGAS', 203);
INSERT INTO Distritos VALUES (20306, 'SAN JUAN DE RONTOY', 203);
INSERT INTO Distritos VALUES (20401, 'CHACAS', 204);
INSERT INTO Distritos VALUES (20402, 'ACOCHACA', 204);
INSERT INTO Distritos VALUES (20501, 'CHIQUIAN', 205);
INSERT INTO Distritos VALUES (20502, 'ABELARDO PARDO LEZAMETA', 205);
INSERT INTO Distritos VALUES (20503, 'ANTONIO RAYMONDI', 205);
INSERT INTO Distritos VALUES (20504, 'AQUIA', 205);
INSERT INTO Distritos VALUES (20505, 'CAJACAY', 205);
INSERT INTO Distritos VALUES (20506, 'CANIS', 205);
INSERT INTO Distritos VALUES (20507, 'COLQUIOC', 205);
INSERT INTO Distritos VALUES (20508, 'HUALLANCA', 205);
INSERT INTO Distritos VALUES (20509, 'HUASTA', 205);
INSERT INTO Distritos VALUES (20510, 'HUAYLLACAYAN', 205);
INSERT INTO Distritos VALUES (20511, 'LA PRIMAVERA', 205);
INSERT INTO Distritos VALUES (20512, 'MANGAS', 205);
INSERT INTO Distritos VALUES (20513, 'PACLLON', 205);
INSERT INTO Distritos VALUES (20514, 'SAN MIGUEL DE CORPANQUI', 205);
INSERT INTO Distritos VALUES (20515, 'TICLLOS', 205);
INSERT INTO Distritos VALUES (20601, 'CARHUAZ', 206);
INSERT INTO Distritos VALUES (20602, 'ACOPAMPA', 206);
INSERT INTO Distritos VALUES (20603, 'AMASHCA', 206);
INSERT INTO Distritos VALUES (20604, 'ANTA', 206);
INSERT INTO Distritos VALUES (20605, 'ATAQUERO', 206);
INSERT INTO Distritos VALUES (20606, 'MARCARA', 206);
INSERT INTO Distritos VALUES (20607, 'PARIAHUANCA', 206);
INSERT INTO Distritos VALUES (20608, 'SAN MIGUEL DE ACO', 206);
INSERT INTO Distritos VALUES (20609, 'SHILLA', 206);
INSERT INTO Distritos VALUES (20610, 'TINCO', 206);
INSERT INTO Distritos VALUES (20611, 'YUNGAR', 206);
INSERT INTO Distritos VALUES (20701, 'SAN LUIS', 207);
INSERT INTO Distritos VALUES (20702, 'SAN NICOLAS', 207);
INSERT INTO Distritos VALUES (20703, 'YAUYA', 207);
INSERT INTO Distritos VALUES (20704, 'CASCAPARA', 207);
INSERT INTO Distritos VALUES (20705, 'MAHUAY', 207);
INSERT INTO Distritos VALUES (20706, 'SICSIBAMBA', 207);
INSERT INTO Distritos VALUES (20801, 'CASMA', 208);
INSERT INTO Distritos VALUES (20802, 'BUENA VISTA ALTA', 208);
INSERT INTO Distritos VALUES (20803, 'COMANDANTE NOEL', 208);
INSERT INTO Distritos VALUES (20804, 'YAUTAN', 208);
INSERT INTO Distritos VALUES (20901, 'CORONGO', 209);
INSERT INTO Distritos VALUES (20902, 'ACO', 209);
INSERT INTO Distritos VALUES (20903, 'BAMBAS', 209);
INSERT INTO Distritos VALUES (20904, 'CUSCA', 209);
INSERT INTO Distritos VALUES (20905, 'LA PAMPA', 209);
INSERT INTO Distritos VALUES (20906, 'YANAC', 209);
INSERT INTO Distritos VALUES (20907, 'YUPAN', 209);
INSERT INTO Distritos VALUES (21001, 'HUARI', 210);
INSERT INTO Distritos VALUES (21002, 'ANRA', 210);
INSERT INTO Distritos VALUES (21003, 'CAJAY', 210);
INSERT INTO Distritos VALUES (21004, 'CHAVIN DE HUANTAR', 210);
INSERT INTO Distritos VALUES (21005, 'HUACACHI', 210);
INSERT INTO Distritos VALUES (21006, 'HUACCHIS', 210);
INSERT INTO Distritos VALUES (21007, 'HUACHIS', 210);
INSERT INTO Distritos VALUES (21008, 'HUANTAR', 210);
INSERT INTO Distritos VALUES (21009, 'MASIN', 210);
INSERT INTO Distritos VALUES (21010, 'PAUCAS', 210);
INSERT INTO Distritos VALUES (21011, 'PONTO', 210);
INSERT INTO Distritos VALUES (21012, 'RAHUAPAMPA', 210);
INSERT INTO Distritos VALUES (21013, 'RAPAYAN', 210);
INSERT INTO Distritos VALUES (21014, 'SAN MARCOS', 210);
INSERT INTO Distritos VALUES (21015, 'SAN PEDRO DE CHANA', 210);
INSERT INTO Distritos VALUES (21016, 'UCO', 210);
INSERT INTO Distritos VALUES (21101, 'HUARMEY', 211);
INSERT INTO Distritos VALUES (21102, 'COCHAPETI', 211);
INSERT INTO Distritos VALUES (21103, 'CULEBRAS', 211);
INSERT INTO Distritos VALUES (21104, 'HUAYAN', 211);
INSERT INTO Distritos VALUES (21105, 'MALVAS', 211);
INSERT INTO Distritos VALUES (21201, 'CARAZ', 212);
INSERT INTO Distritos VALUES (21202, 'HUALLANCA', 212);
INSERT INTO Distritos VALUES (21203, 'HUATA', 212);
INSERT INTO Distritos VALUES (21204, 'HUAYLAS', 212);
INSERT INTO Distritos VALUES (21205, 'MARCARA', 212);
INSERT INTO Distritos VALUES (21206, 'PAMPAROMAS', 212);
INSERT INTO Distritos VALUES (21207, 'RECUAY', 212);
INSERT INTO Distritos VALUES (21208, 'SAN LUIS', 212);
INSERT INTO Distritos VALUES (21209, 'SANTA CRUZ', 212);
INSERT INTO Distritos VALUES (21210, 'SANTO TORIBIO', 212);
INSERT INTO Distritos VALUES (21211, 'YURACMARCA', 212);
INSERT INTO Distritos VALUES (21301, 'PISCOBAMBA', 213);
INSERT INTO Distritos VALUES (21302, 'CASCA', 213);
INSERT INTO Distritos VALUES (21303, 'ELEAZAR GUZMAN BARRON', 213);
INSERT INTO Distritos VALUES (21304, 'FIDEL OLIVAS ESCUDERO', 213);
INSERT INTO Distritos VALUES (21305, 'LLAMA', 213);
INSERT INTO Distritos VALUES (21306, 'LLUMPA', 213);
INSERT INTO Distritos VALUES (21307, 'LUCMA', 213);
INSERT INTO Distritos VALUES (21308, 'MUSGA', 213);
INSERT INTO Distritos VALUES (21401, 'OCROS', 214);
INSERT INTO Distritos VALUES (21402, 'ACAS', 214);
INSERT INTO Distritos VALUES (21403, 'CAJAMARQUILLA', 214);
INSERT INTO Distritos VALUES (21404, 'CARHUAPAMPA', 214);
INSERT INTO Distritos VALUES (21405, 'COCHAS', 214);
INSERT INTO Distritos VALUES (21406, 'CONGAS', 214);
INSERT INTO Distritos VALUES (21407, 'LLIPA', 214);
INSERT INTO Distritos VALUES (21408, 'SAN CRISTOBAL DE RAJAN', 214);
INSERT INTO Distritos VALUES (21409, 'SAN PEDRO', 214);
INSERT INTO Distritos VALUES (21410, 'SANTIAGO DE CHILCAS', 214);
INSERT INTO Distritos VALUES (21501, 'CABANA', 215);
INSERT INTO Distritos VALUES (21502, 'BOLOGNESI', 215);
INSERT INTO Distritos VALUES (21503, 'CONCHUCOS', 215);
INSERT INTO Distritos VALUES (21504, 'HUACASCHUQUE', 215);
INSERT INTO Distritos VALUES (21505, 'HUANDOVAL', 215);
INSERT INTO Distritos VALUES (21506, 'LACABAMBA', 215);
INSERT INTO Distritos VALUES (21507, 'LLAPO', 215);
INSERT INTO Distritos VALUES (21508, 'PALLASCA', 215);
INSERT INTO Distritos VALUES (21509, 'PAMPAS', 215);
INSERT INTO Distritos VALUES (21510, 'SANTA ROSA', 215);
INSERT INTO Distritos VALUES (21511, 'TAUCA', 215);
INSERT INTO Distritos VALUES (21601, 'POMABAMBA', 216);
INSERT INTO Distritos VALUES (21602, 'HUAYLLAN', 216);
INSERT INTO Distritos VALUES (21603, 'PAROBAMBA', 216);
INSERT INTO Distritos VALUES (21604, 'QUINUABAMBA', 216);
INSERT INTO Distritos VALUES (21701, 'RECUAY', 217);
INSERT INTO Distritos VALUES (21702, 'CATAC', 217);
INSERT INTO Distritos VALUES (21703, 'COTAPARACO', 217);
INSERT INTO Distritos VALUES (21704, 'HUAYLLAPAMPA', 217);
INSERT INTO Distritos VALUES (21705, 'LLACLLIN', 217);
INSERT INTO Distritos VALUES (21706, 'MARCA', 217);
INSERT INTO Distritos VALUES (21707, 'PAMPAS CHICO', 217);
INSERT INTO Distritos VALUES (21708, 'PARARIN', 217);
INSERT INTO Distritos VALUES (21709, 'TAPACOCHA', 217);
INSERT INTO Distritos VALUES (21710, 'TICAPAMPA', 217);
INSERT INTO Distritos VALUES (21801, 'CHIMBOTE', 218);
INSERT INTO Distritos VALUES (21802, 'CACERES DEL PERU', 218);
INSERT INTO Distritos VALUES (21803, 'COISHCO', 218);
INSERT INTO Distritos VALUES (21804, 'MACATE', 218);
INSERT INTO Distritos VALUES (21805, 'MORO', 218);
INSERT INTO Distritos VALUES (21806, 'NEPEÑA', 218);
INSERT INTO Distritos VALUES (21807, 'SAMANCO', 218);
INSERT INTO Distritos VALUES (21808, 'SANTA', 218);
INSERT INTO Distritos VALUES (21809, 'NUEVO CHIMBOTE', 218);
INSERT INTO Distritos VALUES (21901, 'SIHUAS', 219);
INSERT INTO Distritos VALUES (21902, 'ACOBAMBA', 219);
INSERT INTO Distritos VALUES (21903, 'ALFONSO UGARTE', 219);
INSERT INTO Distritos VALUES (21904, 'CASHAPAMPA', 219);
INSERT INTO Distritos VALUES (21905, 'CHINGALPO', 219);
INSERT INTO Distritos VALUES (21906, 'HUAYLLABAMBA', 219);
INSERT INTO Distritos VALUES (21907, 'QUICHES', 219);
INSERT INTO Distritos VALUES (21908, 'RAGASH', 219);
INSERT INTO Distritos VALUES (21909, 'SAN JUAN', 219);
INSERT INTO Distritos VALUES (21910, 'SICSIBAMBA', 219);
INSERT INTO Distritos VALUES (22001, 'YUNGAY', 220);
INSERT INTO Distritos VALUES (22002, 'CASCAPARA', 220);
INSERT INTO Distritos VALUES (22003, 'MANCOS', 220);
INSERT INTO Distritos VALUES (22004, 'MATACOTO', 220);
INSERT INTO Distritos VALUES (22005, 'QUILLO', 220);
INSERT INTO Distritos VALUES (22006, 'RANRAHIRCA', 220);
INSERT INTO Distritos VALUES (22007, 'SHUPLUY', 220);
INSERT INTO Distritos VALUES (22008, 'YANAMA', 220);
INSERT INTO Distritos VALUES (30101, 'ABANCAY', 301);
INSERT INTO Distritos VALUES (30102, 'CHACOCHE', 301);
INSERT INTO Distritos VALUES (30103, 'CIRCA', 301);
INSERT INTO Distritos VALUES (30104, 'CURAHUASI', 301);
INSERT INTO Distritos VALUES (30105, 'HUANIPACA', 301);
INSERT INTO Distritos VALUES (30106, 'LAMBRAMA', 301);
INSERT INTO Distritos VALUES (30107, 'PICHIRHUA', 301);
INSERT INTO Distritos VALUES (30108, 'SAN PEDRO DE CACHORA', 301);
INSERT INTO Distritos VALUES (30109, 'TAMBURCO', 301);
INSERT INTO Distritos VALUES (30201, 'ANDAHUAYLAS', 302);
INSERT INTO Distritos VALUES (30202, 'ANDARAPA', 302);
INSERT INTO Distritos VALUES (30203, 'CHIARA', 302);
INSERT INTO Distritos VALUES (30204, 'HUANCARAMA', 302);
INSERT INTO Distritos VALUES (30205, 'HUANCARAY', 302);
INSERT INTO Distritos VALUES (30206, 'HUAYANA', 302);
INSERT INTO Distritos VALUES (30207, 'KISHUARA', 302);
INSERT INTO Distritos VALUES (30208, 'PACOBAMBA', 302);
INSERT INTO Distritos VALUES (30209, 'PACUCHA', 302);
INSERT INTO Distritos VALUES (30210, 'PAMPACHIRI', 302);
INSERT INTO Distritos VALUES (30211, 'POMACOCHA', 302);
INSERT INTO Distritos VALUES (30212, 'SAN ANTONIO DE CACHI', 302);
INSERT INTO Distritos VALUES (30213, 'SAN JERONIMO', 302);
INSERT INTO Distritos VALUES (30214, 'SAN MIGUEL DE CHACCRA', 302);
INSERT INTO Distritos VALUES (30215, 'SANTA MARIA DE CHICMO', 302);
INSERT INTO Distritos VALUES (30216, 'TALAVERA', 302);
INSERT INTO Distritos VALUES (30217, 'TUMAY HUARACA', 302);
INSERT INTO Distritos VALUES (30218, 'TURPO', 302);
INSERT INTO Distritos VALUES (30219, 'KAQUIABAMBA', 302);
INSERT INTO Distritos VALUES (30220,'JOSE MARIA ARGUEDAS',302);
INSERT INTO Distritos VALUES (30301, 'ANTABAMBA', 303);
INSERT INTO Distritos VALUES (30302, 'EL ORO', 303);
INSERT INTO Distritos VALUES (30303, 'HUAQUIRCA', 303);
INSERT INTO Distritos VALUES (30304, 'JUAN ESPINOZA MEDRANO', 303);
INSERT INTO Distritos VALUES (30305, 'OROPESA', 303);
INSERT INTO Distritos VALUES (30306, 'PACHACONAS', 303);
INSERT INTO Distritos VALUES (30307, 'SABAINO', 303);
INSERT INTO Distritos VALUES (30401, 'CHALHUANCA', 304);
INSERT INTO Distritos VALUES (30402, 'CAPAYA', 304);
INSERT INTO Distritos VALUES (30403, 'CARAYBAMBA', 304);
INSERT INTO Distritos VALUES (30404, 'CHAPIMARCA', 304);
INSERT INTO Distritos VALUES (30405, 'COLCABAMBA', 304);
INSERT INTO Distritos VALUES (30406, 'COTARUSE', 304);
INSERT INTO Distritos VALUES (30407, 'IHUAYLLO', 304);
INSERT INTO Distritos VALUES (30408, 'JUSTO APU SAHUARAURA', 304);
INSERT INTO Distritos VALUES (30409, 'LUCRE', 304);
INSERT INTO Distritos VALUES (30410, 'POCOHUANCA', 304);
INSERT INTO Distritos VALUES (30411, 'SAN JUAN DE CHACÑA', 304);
INSERT INTO Distritos VALUES (30412, 'SAÑAYCA', 304);
INSERT INTO Distritos VALUES (30413, 'SORAYA', 304);
INSERT INTO Distritos VALUES (30414, 'TAPAIRIHUA', 304);
INSERT INTO Distritos VALUES (30415, 'TINTAY', 304);
INSERT INTO Distritos VALUES (30416, 'TORAYA', 304);
INSERT INTO Distritos VALUES (30417, 'YANACA', 304);
INSERT INTO Distritos VALUES (30418, 'SAN PEDRO DE CORIS', 304);
INSERT INTO Distritos VALUES (30501, 'TAMBOBAMBA', 305);
INSERT INTO Distritos VALUES (30502, 'COTABAMBAS', 305);
INSERT INTO Distritos VALUES (30503, 'COYLLURQUI', 305);
INSERT INTO Distritos VALUES (30504, 'HAQUIRA', 305);
INSERT INTO Distritos VALUES (30505, 'MARA', 305);
INSERT INTO Distritos VALUES (30506, 'CHALLHUAHUACHO', 305);
INSERT INTO Distritos VALUES (30601, 'CHINCHEROS', 306);
INSERT INTO Distritos VALUES (30602, 'ANCO-HUALLO', 306);
INSERT INTO Distritos VALUES (30603, 'COCHARCAS', 306);
INSERT INTO Distritos VALUES (30604, 'HUACCANA', 306);
INSERT INTO Distritos VALUES (30605, 'OCOBAMBA', 306);
INSERT INTO Distritos VALUES (30606, 'ONGOY', 306);
INSERT INTO Distritos VALUES (30607, 'URANMARCA', 306);
INSERT INTO Distritos VALUES (30608, 'RANRACANCHA', 306);
INSERT INTO Distritos VALUES (30609, 'ROCCHACC', 306);
INSERT INTO Distritos VALUES (30610, 'EL PORVENIR', 306);
INSERT INTO Distritos VALUES (30611, 'LOS CHANKAS', 306);
INSERT INTO Distritos VALUES (30701, 'CHUQUIBAMBILLA', 307);
INSERT INTO Distritos VALUES (30702, 'CURPAHUASI', 307);
INSERT INTO Distritos VALUES (30703, 'GAMARRA', 307);
INSERT INTO Distritos VALUES (30704, 'HUAYLLATI', 307);
INSERT INTO Distritos VALUES (30705, 'MAMARA', 307);
INSERT INTO Distritos VALUES (30706, 'MICAELA BASTIDAS', 307);
INSERT INTO Distritos VALUES (30707, 'PATAYPAMPA', 307);
INSERT INTO Distritos VALUES (30708, 'PROGRESO', 307);
INSERT INTO Distritos VALUES (30709, 'SAN ANTONIO', 307);
INSERT INTO Distritos VALUES (30710, 'SANTA ROSA', 307);
INSERT INTO Distritos VALUES (30711, 'TURPAY', 307);
INSERT INTO Distritos VALUES (30712, 'VILCABAMBA', 307);
INSERT INTO Distritos VALUES (30713, 'VIRUNDO', 307);
INSERT INTO Distritos VALUES (40101, 'AREQUIPA', 401);
INSERT INTO Distritos VALUES (40102, 'ALTO SELVA ALEGRE', 401);
INSERT INTO Distritos VALUES (40103, 'CAYMA', 401);
INSERT INTO Distritos VALUES (40104, 'CERRO COLORADO', 401);
INSERT INTO Distritos VALUES (40105, 'CHARACATO', 401);
INSERT INTO Distritos VALUES (40106, 'CHIGUATA', 401);
INSERT INTO Distritos VALUES (40107, 'JACOBO HUNTER', 401);
INSERT INTO Distritos VALUES (40108, 'LA JOYA', 401);
INSERT INTO Distritos VALUES (40109, 'MARIANO MELGAR', 401);
INSERT INTO Distritos VALUES (40110, 'MIRAFLORES', 401);
INSERT INTO Distritos VALUES (40111, 'MOLLEBAYA', 401);
INSERT INTO Distritos VALUES (40112, 'PAUCARPATA', 401);
INSERT INTO Distritos VALUES (40113, 'POCSI', 401);
INSERT INTO Distritos VALUES (40114, 'POLOBAYA', 401);
INSERT INTO Distritos VALUES (40115, 'QUEQUEÑA', 401);
INSERT INTO Distritos VALUES (40116, 'SABANDIA', 401);
INSERT INTO Distritos VALUES (40117, 'SACHACA', 401);
INSERT INTO Distritos VALUES (40118, 'SAN JUAN DE SIGUAS', 401);
INSERT INTO Distritos VALUES (40119, 'SAN JUAN DE TARUCANI', 401);
INSERT INTO Distritos VALUES (40120, 'SANTA ISABEL DE SIGUAS', 401);
INSERT INTO Distritos VALUES (40121, 'SANTA RITA DE SIGUAS', 401);
INSERT INTO Distritos VALUES (40122, 'SOCABAYA', 401);
INSERT INTO Distritos VALUES (40123, 'TIABAYA', 401);
INSERT INTO Distritos VALUES (40124, 'UCHUMAYO', 401);
INSERT INTO Distritos VALUES (40125, 'VITOR', 401);
INSERT INTO Distritos VALUES (40126, 'YANAHUARA', 401);
INSERT INTO Distritos VALUES (40127, 'YARABAMBA', 401);
INSERT INTO Distritos VALUES (40128, 'YURA', 401);
INSERT INTO Distritos VALUES (40129, 'JOSE LUIS BUSTAMANTE Y RIVERO', 401);
INSERT INTO Distritos VALUES (40201, 'CAMANA', 402);
INSERT INTO Distritos VALUES (40202, 'JOSE MARIA QUIMPER', 402);
INSERT INTO Distritos VALUES (40203, 'MARIANO NICOLAS VALCARCEL', 402);
INSERT INTO Distritos VALUES (40204, 'MARISCAL CACERES', 402);
INSERT INTO Distritos VALUES (40205, 'NICOLAS DE PIEROLA', 402);
INSERT INTO Distritos VALUES (40206, 'OCOÑA', 402);
INSERT INTO Distritos VALUES (40207, 'QUILCA', 402);
INSERT INTO Distritos VALUES (40208, 'SAMUEL PASTOR', 402);
INSERT INTO Distritos VALUES (40301, 'CARAVELI', 403);
INSERT INTO Distritos VALUES (40302, 'ACARI', 403);
INSERT INTO Distritos VALUES (40303, 'ATICO', 403);
INSERT INTO Distritos VALUES (40304, 'ATIQUIPA', 403);
INSERT INTO Distritos VALUES (40305, 'BELLA UNION', 403);
INSERT INTO Distritos VALUES (40306, 'CAHUACHO', 403);
INSERT INTO Distritos VALUES (40307, 'CHALA', 403);
INSERT INTO Distritos VALUES (40308, 'CHAPARRA', 403);
INSERT INTO Distritos VALUES (40309, 'HUANUHUANU', 403);
INSERT INTO Distritos VALUES (40310, 'JAQUI', 403);
INSERT INTO Distritos VALUES (40311, 'LOMAS', 403);
INSERT INTO Distritos VALUES (40312, 'QUICACHA', 403);
INSERT INTO Distritos VALUES (40313, 'YAUCA', 403);
INSERT INTO Distritos VALUES (40401, 'APLAO', 404);
INSERT INTO Distritos VALUES (40402, 'ANDAGUA', 404);
INSERT INTO Distritos VALUES (40403, 'AYO', 404);
INSERT INTO Distritos VALUES (40404, 'CHACHAS', 404);
INSERT INTO Distritos VALUES (40405, 'CHILCAYMARCA', 404);
INSERT INTO Distritos VALUES (40406, 'CHOCO', 404);
INSERT INTO Distritos VALUES (40407, 'HUANCARQUI', 404);
INSERT INTO Distritos VALUES (40408, 'MACHAGUAY', 404);
INSERT INTO Distritos VALUES (40409, 'ORCOPAMPA', 404);
INSERT INTO Distritos VALUES (40410, 'PAMPACOLCA', 404);
INSERT INTO Distritos VALUES (40411, 'TIPAN', 404);
INSERT INTO Distritos VALUES (40412, 'UÑON', 404);
INSERT INTO Distritos VALUES (40413, 'URACA', 404);
INSERT INTO Distritos VALUES (40414, 'VIRACO', 404);
INSERT INTO Distritos VALUES (40501, 'CHIVAY', 405);
INSERT INTO Distritos VALUES (40502, 'ACHOMA', 405);
INSERT INTO Distritos VALUES (40503, 'CABANACONDE', 405);
INSERT INTO Distritos VALUES (40504, 'CALLALLI', 405);
INSERT INTO Distritos VALUES (40505, 'CAYLLOMA', 405);
INSERT INTO Distritos VALUES (40506, 'COPORAQUE', 405);
INSERT INTO Distritos VALUES (40507, 'HUAMBO', 405);
INSERT INTO Distritos VALUES (40508, 'HUANCA', 405);
INSERT INTO Distritos VALUES (40509, 'ICHUPAMPA', 405);
INSERT INTO Distritos VALUES (40510, 'LARI', 405);
INSERT INTO Distritos VALUES (40511, 'LLUTA', 405);
INSERT INTO Distritos VALUES (40512, 'MACA', 405);
INSERT INTO Distritos VALUES (40513, 'MADRIGAL', 405);
INSERT INTO Distritos VALUES (40514, 'SAN ANTONIO DE CHUCA', 405);
INSERT INTO Distritos VALUES (40515, 'SIBAYO', 405);
INSERT INTO Distritos VALUES (40516, 'TAPAY', 405);
INSERT INTO Distritos VALUES (40517, 'TISCO', 405);
INSERT INTO Distritos VALUES (40518, 'TUTI', 405);
INSERT INTO Distritos VALUES (40519, 'YANQUE', 405);
INSERT INTO Distritos VALUES (40520, 'MAJES', 405);
INSERT INTO Distritos VALUES (40601, 'CHUQUIBAMBA', 406);
INSERT INTO Distritos VALUES (40602, 'ANDARAY', 406);
INSERT INTO Distritos VALUES (40603, 'CAYARANI', 406);
INSERT INTO Distritos VALUES (40604, 'CHICHAS', 406);
INSERT INTO Distritos VALUES (40605, 'IRAY', 406);
INSERT INTO Distritos VALUES (40606, 'RIO GRANDE', 406);
INSERT INTO Distritos VALUES (40607, 'SALAMANCA', 406);
INSERT INTO Distritos VALUES (40608, 'YANAQUIHUA', 406);
INSERT INTO Distritos VALUES (40609, 'MACHAGUA', 406);
INSERT INTO Distritos VALUES (40701, 'MOLLENDO', 407);
INSERT INTO Distritos VALUES (40702, 'COCACHACRA', 407);
INSERT INTO Distritos VALUES (40703, 'DEAN VALDIVIA', 407);
INSERT INTO Distritos VALUES (40704, 'ISLAY', 407);
INSERT INTO Distritos VALUES (40705, 'MEJIA', 407);
INSERT INTO Distritos VALUES (40706, 'PUNTA DE BOMBON', 407);
INSERT INTO Distritos VALUES (40801, 'COTAHUASI', 408);
INSERT INTO Distritos VALUES (40802, 'ALCA', 408);
INSERT INTO Distritos VALUES (40803, 'CHARCANA', 408);
INSERT INTO Distritos VALUES (40804, 'HUAYNACOTAS', 408);
INSERT INTO Distritos VALUES (40805, 'PAMPAMARCA', 408);
INSERT INTO Distritos VALUES (40806, 'PUYCA', 408);
INSERT INTO Distritos VALUES (40807, 'QUECHUALLA', 408);
INSERT INTO Distritos VALUES (40808, 'SAYLA', 408);
INSERT INTO Distritos VALUES (40809, 'TAURIA', 408);
INSERT INTO Distritos VALUES (40810, 'TOMEPAMPA', 408);
INSERT INTO Distritos VALUES (40811, 'TORO', 408);
INSERT INTO Distritos VALUES (50101, 'AYACUCHO', 501);
INSERT INTO Distritos VALUES (50102, 'ACOCRO', 501);
INSERT INTO Distritos VALUES (50103, 'ACOS VINCHOS', 501);
INSERT INTO Distritos VALUES (50104, 'CARMEN ALTO', 501);
INSERT INTO Distritos VALUES (50105, 'CHIARA', 501);
INSERT INTO Distritos VALUES (50106, 'JESUS NAZARENO', 501);
INSERT INTO Distritos VALUES (50107, 'OCROS', 501);
INSERT INTO Distritos VALUES (50108, 'PACAYCASA', 501);
INSERT INTO Distritos VALUES (50109, 'QUINUA', 501);
INSERT INTO Distritos VALUES (50110, 'SAN JOSE DE TICLLAS', 501);
INSERT INTO Distritos VALUES (50111, 'SAN JUAN BAUTISTA', 501);
INSERT INTO Distritos VALUES (50112, 'SANTIAGO DE PISCHA', 501);
INSERT INTO Distritos VALUES (50113, 'SOCOS', 501);
INSERT INTO Distritos VALUES (50114, 'TAMBILLO', 501);
INSERT INTO Distritos VALUES (50115, 'VINCHOS', 501);
INSERT INTO Distritos VALUES (50116, 'ANDDRES AVELINO CACERES DORREGARAY', 501);
INSERT INTO Distritos VALUES (50201, 'CANGALLO', 502);
INSERT INTO Distritos VALUES (50202, 'CHUSCHI', 502);
INSERT INTO Distritos VALUES (50203, 'LOS MOROCHUCOS', 502);
INSERT INTO Distritos VALUES (50204, 'MARIA PARADO DE BELLIDO', 502);
INSERT INTO Distritos VALUES (50205, 'PARAS', 502);
INSERT INTO Distritos VALUES (50206, 'TOTOS', 502);
INSERT INTO Distritos VALUES (50301, 'SANCOS', 503);
INSERT INTO Distritos VALUES (50302, 'CARAPO', 503);
INSERT INTO Distritos VALUES (50303, 'SACSAMARCA', 503);
INSERT INTO Distritos VALUES (50304, 'SANTIAGO DE LUCANAMARCA', 503);
INSERT INTO Distritos VALUES (50401, 'HUANTA', 504);
INSERT INTO Distritos VALUES (50402, 'AYAHUANCO', 504);
INSERT INTO Distritos VALUES (50403, 'HUAMANGUILLA', 504);
INSERT INTO Distritos VALUES (50404, 'IGUAIN', 504);
INSERT INTO Distritos VALUES (50405, 'LURICOCHA', 504);
INSERT INTO Distritos VALUES (50406, 'SANTILLANA', 504);
INSERT INTO Distritos VALUES (50407, 'SIVIA', 504);
INSERT INTO Distritos VALUES (50408, 'LLOCHEGUA', 504);
INSERT INTO Distritos VALUES (50409, 'CANAYRE', 504);
INSERT INTO Distritos VALUES (50410, 'UCHURACCAY', 504);
INSERT INTO Distritos VALUES (50411, 'PUCACOLPA', 504);
INSERT INTO Distritos VALUES (50412, 'CHACA', 504);
INSERT INTO Distritos VALUES (50501, 'SAN MIGUEL', 505);
INSERT INTO Distritos VALUES (50502, 'ANCO', 505);
INSERT INTO Distritos VALUES (50503, 'AYNA', 505);
INSERT INTO Distritos VALUES (50504, 'CHILCAS', 505);
INSERT INTO Distritos VALUES (50505, 'CHUNGUI', 505);
INSERT INTO Distritos VALUES (50506, 'LUIS CARRANZA', 505);
INSERT INTO Distritos VALUES (50507, 'SANTA ROSA', 505);
INSERT INTO Distritos VALUES (50508, 'TAMBO', 505);
INSERT INTO Distritos VALUES (50509, 'SAMUGARI', 505);
INSERT INTO Distritos VALUES (50510, 'ANCHIHUAY', 505);
INSERT INTO Distritos VALUES (50511, 'ORONCCOY', 505);
INSERT INTO Distritos VALUES (50601, 'PUQUIO', 506);
INSERT INTO Distritos VALUES (50602, 'AUCARA', 506);
INSERT INTO Distritos VALUES (50603, 'CABANA', 506);
INSERT INTO Distritos VALUES (50604, 'CARMEN SALCEDO', 506);
INSERT INTO Distritos VALUES (50605, 'CHAVIN', 506);
INSERT INTO Distritos VALUES (50606, 'CHIPAO', 506);
INSERT INTO Distritos VALUES (50607, 'HUAC-HUAS', 506);
INSERT INTO Distritos VALUES (50608, 'LARAMATE', 506);
INSERT INTO Distritos VALUES (50609, 'LEONCIO PRADO', 506);
INSERT INTO Distritos VALUES (50610, 'LUCANAS', 506);
INSERT INTO Distritos VALUES (50611, 'LLAUTA', 506);
INSERT INTO Distritos VALUES (50612, 'OCAÑA', 506);
INSERT INTO Distritos VALUES (50613, 'OTOCA', 506);
INSERT INTO Distritos VALUES (50614, 'SAISA', 506);
INSERT INTO Distritos VALUES (50615, 'SAN CRISTOBAL', 506);
INSERT INTO Distritos VALUES (50616, 'SAN JUAN', 506);
INSERT INTO Distritos VALUES (50617, 'SAN PEDRO', 506);
INSERT INTO Distritos VALUES (50618, 'SAN PEDRO DE PALCO', 506);
INSERT INTO Distritos VALUES (50619, 'SANCOS', 506);
INSERT INTO Distritos VALUES (50620, 'SANTA ANA DE HUAYCAHUACHO', 506);
INSERT INTO Distritos VALUES (50621, 'SANTA LUCIA', 506);
INSERT INTO Distritos VALUES (50701, 'CORACORA', 507);
INSERT INTO Distritos VALUES (50702, 'CHUMPI', 507);
INSERT INTO Distritos VALUES (50703, 'CORONEL CASTAÑEDA', 507);
INSERT INTO Distritos VALUES (50704, 'PACAPAUSA', 507);
INSERT INTO Distritos VALUES (50705, 'PULLO', 507);
INSERT INTO Distritos VALUES (50706, 'PUYUSCA', 507);
INSERT INTO Distritos VALUES (50707, 'SAN FRANCISCO DE RAVACAYCO', 507);
INSERT INTO Distritos VALUES (50708, 'UPAHUACHO', 507);
INSERT INTO Distritos VALUES (50801, 'PAUSA', 508);
INSERT INTO Distritos VALUES (50802, 'COLTA', 508);
INSERT INTO Distritos VALUES (50803, 'CORCULLA', 508);
INSERT INTO Distritos VALUES (50804, 'LAMPA', 508);
INSERT INTO Distritos VALUES (50805, 'MARCABAMBA', 508);
INSERT INTO Distritos VALUES (50806, 'OYOLO', 508);
INSERT INTO Distritos VALUES (50807, 'PARARCA', 508);
INSERT INTO Distritos VALUES (50808, 'SAN JAVIER DE ALPABAMBA', 508);
INSERT INTO Distritos VALUES (50809, 'SAN JOSE DE USHUA', 508);
INSERT INTO Distritos VALUES (50810, 'SARA SARA', 508);
INSERT INTO Distritos VALUES (50901, 'QUEROBAMBA', 509);
INSERT INTO Distritos VALUES (50902, 'BELEN', 509);
INSERT INTO Distritos VALUES (50903, 'CHALCOS', 509);
INSERT INTO Distritos VALUES (50904, 'CHILCAYOC', 509);
INSERT INTO Distritos VALUES (50905, 'HUACAÑA', 509);
INSERT INTO Distritos VALUES (50906, 'MORCOLLA', 509);
INSERT INTO Distritos VALUES (50907, 'PAICO', 509);
INSERT INTO Distritos VALUES (50908, 'SAN PEDRO DE LARCAY', 509);
INSERT INTO Distritos VALUES (50909, 'SAN SALVADOR DE QUIJE', 509);
INSERT INTO Distritos VALUES (50910, 'SANTIAGO DE PAUCARAY', 509);
INSERT INTO Distritos VALUES (50911, 'SORAS', 509);
INSERT INTO Distritos VALUES (51001, 'HUANCAPI', 510);
INSERT INTO Distritos VALUES (51002, 'ALCAMENCA', 510);
INSERT INTO Distritos VALUES (51003, 'APONGO', 510);
INSERT INTO Distritos VALUES (51004, 'ASQUIPATA', 510);
INSERT INTO Distritos VALUES (51005, 'CANARIA', 510);
INSERT INTO Distritos VALUES (51006, 'CAYARA', 510);
INSERT INTO Distritos VALUES (51007, 'COLCA', 510);
INSERT INTO Distritos VALUES (51008, 'HUAMANQUIQUIA', 510);
INSERT INTO Distritos VALUES (51009, 'HUANCARAYLLA', 510);
INSERT INTO Distritos VALUES (51010, 'HUAYA', 510);
INSERT INTO Distritos VALUES (51011, 'SARHUA', 510);
INSERT INTO Distritos VALUES (51012, 'VILCANCHOS', 510);
INSERT INTO Distritos VALUES (51101, 'VILCAS HUAMAN', 511);
INSERT INTO Distritos VALUES (51102, 'ACCOMARCA', 511);
INSERT INTO Distritos VALUES (51103, 'CARHUANCA', 511);
INSERT INTO Distritos VALUES (51104, 'CONCEPCION', 511);
INSERT INTO Distritos VALUES (51105, 'HUAMBALPA', 511);
INSERT INTO Distritos VALUES (51106, 'INDEPENDENCIA', 511);
INSERT INTO Distritos VALUES (51107, 'SAURAMA', 511);
INSERT INTO Distritos VALUES (51108, 'VISCHONGO', 511);
INSERT INTO Distritos VALUES (60101, 'CAJAMARCA', 601);
INSERT INTO Distritos VALUES (60102, 'ASUNCION', 601);
INSERT INTO Distritos VALUES (60103, 'CHETILLA', 601);
INSERT INTO Distritos VALUES (60104, 'COSPAN', 601);
INSERT INTO Distritos VALUES (60105, 'ENCAÑADA', 601);
INSERT INTO Distritos VALUES (60106, 'JESUS', 601);
INSERT INTO Distritos VALUES (60107, 'LLACANORA', 601);
INSERT INTO Distritos VALUES (60108, 'LOS BAÑOS DEL INCA', 601);
INSERT INTO Distritos VALUES (60109, 'MAGDALENA', 601);
INSERT INTO Distritos VALUES (60110, 'MATARA', 601);
INSERT INTO Distritos VALUES (60111, 'NAMORA', 601);
INSERT INTO Distritos VALUES (60112, 'SAN JUAN', 601);
INSERT INTO Distritos VALUES (60201, 'CAJABAMBA', 602);
INSERT INTO Distritos VALUES (60202, 'CACHACHI', 602);
INSERT INTO Distritos VALUES (60203, 'CONDEBAMBA', 602);
INSERT INTO Distritos VALUES (60204, 'SITACOCHA', 602);
INSERT INTO Distritos VALUES (60301, 'CELENDIN', 603);
INSERT INTO Distritos VALUES (60302, 'CORTEGANA', 603);
INSERT INTO Distritos VALUES (60303, 'CHUMUCH', 603);
INSERT INTO Distritos VALUES (60304, 'HUASMIN', 603);
INSERT INTO Distritos VALUES (60305, 'JORGE CHAVEZ', 603);
INSERT INTO Distritos VALUES (60306, 'JOSE GALVEZ', 603);
INSERT INTO Distritos VALUES (60307, 'MIGUEL IGLESIAS', 603);
INSERT INTO Distritos VALUES (60308, 'OXAMARCA', 603);
INSERT INTO Distritos VALUES (60309, 'SOROCHUCO', 603);
INSERT INTO Distritos VALUES (60310, 'SUCRE', 603);
INSERT INTO Distritos VALUES (60311, 'UTCO', 603);
INSERT INTO Distritos VALUES (60312, 'LA LIBERTAD DE PALLAN', 603);
INSERT INTO Distritos VALUES (60401, 'CHOTA', 604);
INSERT INTO Distritos VALUES (60402, 'ANGUIA', 604);
INSERT INTO Distritos VALUES (60403, 'CHADIN', 604);
INSERT INTO Distritos VALUES (60404, 'CHIGUIRIP', 604);
INSERT INTO Distritos VALUES (60405, 'CHIMBAN', 604);
INSERT INTO Distritos VALUES (60406, 'CHOROPAMPA', 604);
INSERT INTO Distritos VALUES (60407, 'COCHABAMBA', 604);
INSERT INTO Distritos VALUES (60408, 'CONCHAN', 604);
INSERT INTO Distritos VALUES (60409, 'HUAMBOS', 604);
INSERT INTO Distritos VALUES (60410, 'LAJAS', 604);
INSERT INTO Distritos VALUES (60411, 'LLAMA', 604);
INSERT INTO Distritos VALUES (60412, 'MIRACOSTA', 604);
INSERT INTO Distritos VALUES (60413, 'PACCHA', 604);
INSERT INTO Distritos VALUES (60414, 'PION', 604);
INSERT INTO Distritos VALUES (60415, 'QUEROCOTO', 604);
INSERT INTO Distritos VALUES (60416, 'SAN JUAN DE LICUPIS', 604);
INSERT INTO Distritos VALUES (60417, 'TACABAMBA', 604);
INSERT INTO Distritos VALUES (60418, 'TOCMOCHE', 604);
INSERT INTO Distritos VALUES (60419, 'CHALAMARCA', 604);
INSERT INTO Distritos VALUES (60501, 'CONTUMAZA', 605);
INSERT INTO Distritos VALUES (60502, 'CHILETE', 605);
INSERT INTO Distritos VALUES (60503, 'CUPISNIQUE', 605);
INSERT INTO Distritos VALUES (60504, 'GUZMANGO', 605);
INSERT INTO Distritos VALUES (60505, 'SAN BENITO', 605);
INSERT INTO Distritos VALUES (60506, 'SANTA CRUZ DE TOLED', 605);
INSERT INTO Distritos VALUES (60507, 'TANTARICA', 605);
INSERT INTO Distritos VALUES (60508, 'YONAN', 605);
INSERT INTO Distritos VALUES (60601, 'CUTERVO', 606);
INSERT INTO Distritos VALUES (60602, 'CALLAYUC', 606);
INSERT INTO Distritos VALUES (60603, 'CHOROS', 606);
INSERT INTO Distritos VALUES (60604, 'CUJILLO', 606);
INSERT INTO Distritos VALUES (60605, 'LA RAMADA', 606);
INSERT INTO Distritos VALUES (60606, 'PIMPINGOS', 606);
INSERT INTO Distritos VALUES (60607, 'QUEROCOTILLO', 606);
INSERT INTO Distritos VALUES (60608, 'SAN ANDRES DE CUTERVO', 606);
INSERT INTO Distritos VALUES (60609, 'SAN JUAN DE CUTERVO', 606);
INSERT INTO Distritos VALUES (60610, 'SAN LUIS DE LUCMA', 606);
INSERT INTO Distritos VALUES (60611, 'SANTA CRUZ', 606);
INSERT INTO Distritos VALUES (60612, 'SANTO DOMINGO DE LA CAPILLA', 606);
INSERT INTO Distritos VALUES (60613, 'SANTO TOMAS', 606);
INSERT INTO Distritos VALUES (60614, 'SOCOTA', 606);
INSERT INTO Distritos VALUES (60615, 'TORIBIO CASANOVA', 606);
INSERT INTO Distritos VALUES (60701, 'BAMBAMARCA', 607);
INSERT INTO Distritos VALUES (60702, 'CHUGUR', 607);
INSERT INTO Distritos VALUES (60703, 'HUALGAYOC', 607);
INSERT INTO Distritos VALUES (60801, 'JAEN', 608);
INSERT INTO Distritos VALUES (60802, 'BELLAVISTA', 608);
INSERT INTO Distritos VALUES (60803, 'CHONTALI', 608);
INSERT INTO Distritos VALUES (60804, 'COLASAY', 608);
INSERT INTO Distritos VALUES (60805, 'HUABAL', 608);
INSERT INTO Distritos VALUES (60806, 'LAS PIRIAS', 608);
INSERT INTO Distritos VALUES (60807, 'POMAHUACA', 608);
INSERT INTO Distritos VALUES (60808, 'PUCARA', 608);
INSERT INTO Distritos VALUES (60809, 'SALLIQUE', 608);
INSERT INTO Distritos VALUES (60810, 'SAN FELIPE', 608);
INSERT INTO Distritos VALUES (60811, 'SAN JOSE DEL ALTO', 608);
INSERT INTO Distritos VALUES (60812, 'SANTA ROSA', 608);
INSERT INTO Distritos VALUES (60813, 'LAS PALMAS', 608);
INSERT INTO Distritos VALUES (60901, 'SAN IGNACIO', 609);
INSERT INTO Distritos VALUES (60902, 'CHIRINOS', 609);
INSERT INTO Distritos VALUES (60903, 'HUARANGO', 609);
INSERT INTO Distritos VALUES (60904, 'LA COIPA', 609);
INSERT INTO Distritos VALUES (60905, 'NAMBALLE', 609);
INSERT INTO Distritos VALUES (60906, 'SAN JOSE DE LOURDES', 609);
INSERT INTO Distritos VALUES (60907, 'TABACONAS', 609);
INSERT INTO Distritos VALUES (61001, 'PEDRO GALVEZ', 610);
INSERT INTO Distritos VALUES (61002, 'CHANCAY', 610);
INSERT INTO Distritos VALUES (61003, 'EDUARDO VILLANUEVA', 610);
INSERT INTO Distritos VALUES (61004, 'GREGORIO PITA', 610);
INSERT INTO Distritos VALUES (61005, 'ICHOCAN', 610);
INSERT INTO Distritos VALUES (61006, 'JOSE MANUEL QUIROZ', 610);
INSERT INTO Distritos VALUES (61007, 'JOSE SABOGAL', 610);
INSERT INTO Distritos VALUES (61101, 'SAN MIGUEL', 611);
INSERT INTO Distritos VALUES (61102, 'BOLIVAR', 611);
INSERT INTO Distritos VALUES (61103, 'CALQUIS', 611);
INSERT INTO Distritos VALUES (61104, 'CATILLUC', 611);
INSERT INTO Distritos VALUES (61105, 'EL PRADO', 611);
INSERT INTO Distritos VALUES (61106, 'LA FLORIDA', 611);
INSERT INTO Distritos VALUES (61107, 'LLAPA', 611);
INSERT INTO Distritos VALUES (61108, 'NANCHOC', 611);
INSERT INTO Distritos VALUES (61109, 'NIEPOS', 611);
INSERT INTO Distritos VALUES (61110, 'SAN GREGORIO', 611);
INSERT INTO Distritos VALUES (61111, 'SAN SILVESTRE DE COCHAN', 611);
INSERT INTO Distritos VALUES (61112, 'TONGOD', 611);
INSERT INTO Distritos VALUES (61113, 'UNION AGUA BLANCA', 611);
INSERT INTO Distritos VALUES (61201, 'SAN PABLO', 612);
INSERT INTO Distritos VALUES (61202, 'SAN BERNARDINO', 612);
INSERT INTO Distritos VALUES (61203, 'SAN LUIS', 612);
INSERT INTO Distritos VALUES (61204, 'TUMBADEN', 612);
INSERT INTO Distritos VALUES (61301, 'SANTA CRUZ', 613);
INSERT INTO Distritos VALUES (61302, 'ANDABAMBA', 613);
INSERT INTO Distritos VALUES (61303, 'CATACHE', 613);
INSERT INTO Distritos VALUES (61304, 'CHANCAYBAÑOS', 613);
INSERT INTO Distritos VALUES (61305, 'LA ESPERANZA', 613);
INSERT INTO Distritos VALUES (61306, 'NINABAMBA', 613);
INSERT INTO Distritos VALUES (61307, 'PULAN', 613);
INSERT INTO Distritos VALUES (61308, 'SAUCEPAMPA', 613);
INSERT INTO Distritos VALUES (61309, 'SEXI', 613);
INSERT INTO Distritos VALUES (61310, 'UTICYACU', 613);
INSERT INTO Distritos VALUES (61311, 'YAUYUCAN', 613);
INSERT INTO Distritos VALUES (70101, 'CALLAO', 701);
INSERT INTO Distritos VALUES (70102, 'BELLAVISTA', 701);
INSERT INTO Distritos VALUES (70103, 'CARMEN DE LA LEGUA REYNOSO', 701);
INSERT INTO Distritos VALUES (70104, 'LA PERLA', 701);
INSERT INTO Distritos VALUES (70105, 'LA PUNTA', 701);
INSERT INTO Distritos VALUES (70106, 'VENTANILLA', 701);
INSERT INTO Distritos VALUES (70107, 'MI PERU', 701);
INSERT INTO Distritos VALUES (80101, 'CUSCO', 801);
INSERT INTO Distritos VALUES (80102, 'CCORCA', 801);
INSERT INTO Distritos VALUES (80103, 'POROY', 801);
INSERT INTO Distritos VALUES (80104, 'SAN JERONIMO', 801);
INSERT INTO Distritos VALUES (80105, 'SAN SEBASTIAN', 801);
INSERT INTO Distritos VALUES (80106, 'SANTIAGO', 801);
INSERT INTO Distritos VALUES (80107, 'SAYLLA', 801);
INSERT INTO Distritos VALUES (80108, 'WANCHAQ', 801);
INSERT INTO Distritos VALUES (80201, 'ACOMAYO', 802);
INSERT INTO Distritos VALUES (80202, 'ACOPIA', 802);
INSERT INTO Distritos VALUES (80203, 'ACOS', 802);
INSERT INTO Distritos VALUES (80204, 'MOSOC LLACTA', 802);
INSERT INTO Distritos VALUES (80205, 'POMACANCHI', 802);
INSERT INTO Distritos VALUES (80206, 'RONDOCAN', 802);
INSERT INTO Distritos VALUES (80207, 'SANGARARA', 802);
INSERT INTO Distritos VALUES (80301, 'ANTA', 803);
INSERT INTO Distritos VALUES (80302, 'ANCAHUASI', 803);
INSERT INTO Distritos VALUES (80303, 'CACHIMAYO', 803);
INSERT INTO Distritos VALUES (80304, 'CHINCHAYPUJIO', 803);
INSERT INTO Distritos VALUES (80305, 'HUAROCONDO', 803);
INSERT INTO Distritos VALUES (80306, 'LIMATAMBO', 803);
INSERT INTO Distritos VALUES (80307, 'MOLLEPATA', 803);
INSERT INTO Distritos VALUES (80308, 'PUCYURA', 803);
INSERT INTO Distritos VALUES (80309, 'ZURITE', 803);
INSERT INTO Distritos VALUES (80401, 'CALCA', 804);
INSERT INTO Distritos VALUES (80402, 'COYA', 804);
INSERT INTO Distritos VALUES (80403, 'LAMAY', 804);
INSERT INTO Distritos VALUES (80404, 'LARES', 804);
INSERT INTO Distritos VALUES (80405, 'PISAC', 804);
INSERT INTO Distritos VALUES (80406, 'SAN SALVADOR', 804);
INSERT INTO Distritos VALUES (80407, 'TARAY', 804);
INSERT INTO Distritos VALUES (80408, 'YANATILE', 804);
INSERT INTO Distritos VALUES (80501, 'YANAOCA', 805);
INSERT INTO Distritos VALUES (80502, 'CHECCA', 805);
INSERT INTO Distritos VALUES (80503, 'KUNTURKANKI', 805);
INSERT INTO Distritos VALUES (80504, 'LANGUI', 805);
INSERT INTO Distritos VALUES (80505, 'LAYO', 805);
INSERT INTO Distritos VALUES (80506, 'PAMPAMARCA', 805);
INSERT INTO Distritos VALUES (80507, 'QUEHUE', 805);
INSERT INTO Distritos VALUES (80508, 'TUPAC AMARU', 805);
INSERT INTO Distritos VALUES (80601, 'SICUANI', 806);
INSERT INTO Distritos VALUES (80602, 'CHECACUPE', 806);
INSERT INTO Distritos VALUES (80603, 'COMBAPATA', 806);
INSERT INTO Distritos VALUES (80604, 'MARANGANI', 806);
INSERT INTO Distritos VALUES (80605, 'PITUMARCA', 806);
INSERT INTO Distritos VALUES (80606, 'SAN PABLO', 806);
INSERT INTO Distritos VALUES (80607, 'SAN PEDRO', 806);
INSERT INTO Distritos VALUES (80608, 'TINTA', 806);
INSERT INTO Distritos VALUES (80701, 'SANTO TOMAS', 807);
INSERT INTO Distritos VALUES (80702, 'CAPACMARCA', 807);
INSERT INTO Distritos VALUES (80703, 'CHAMACA', 807);
INSERT INTO Distritos VALUES (80704, 'COLQUEMARCA', 807);
INSERT INTO Distritos VALUES (80705, 'LIVITACA', 807);
INSERT INTO Distritos VALUES (80706, 'LLUSCO', 807);
INSERT INTO Distritos VALUES (80707, 'QUIÑOTA', 807);
INSERT INTO Distritos VALUES (80708, 'VELILLE', 807);
INSERT INTO Distritos VALUES (80801, 'ESPINAR', 808);
INSERT INTO Distritos VALUES (80802, 'CONDOROMA', 808);
INSERT INTO Distritos VALUES (80803, 'COPORAQUE', 808);
INSERT INTO Distritos VALUES (80804, 'OCORURO', 808);
INSERT INTO Distritos VALUES (80805, 'PALLPATA', 808);
INSERT INTO Distritos VALUES (80806, 'PICHIGUA', 808);
INSERT INTO Distritos VALUES (80807, 'SUYCKUTAMBO', 808);
INSERT INTO Distritos VALUES (80808, 'ALTO PICHIGUA', 808);
INSERT INTO Distritos VALUES (80901, 'SANTA ANA', 809);
INSERT INTO Distritos VALUES (80902, 'ECHARATE', 809);
INSERT INTO Distritos VALUES (80903, 'HUAYOPATA', 809);
INSERT INTO Distritos VALUES (80904, 'MARANURA', 809);
INSERT INTO Distritos VALUES (80905, 'OCOBAMBA', 809);
INSERT INTO Distritos VALUES (80906, 'QUELLOUNO', 809);
INSERT INTO Distritos VALUES (80907, 'KIMBIRI', 809);
INSERT INTO Distritos VALUES (80908, 'SANTA TERESA', 809);
INSERT INTO Distritos VALUES (80909, 'VILCABAMBA', 809);
INSERT INTO Distritos VALUES (80910, 'PICHARI', 809);
INSERT INTO Distritos VALUES (80911, 'INKAWASI', 809);
INSERT INTO Distritos VALUES (80912, 'VILLA VIRGEN', 809);
INSERT INTO Distritos VALUES (80913, 'VILLA KINTIARINA', 809);
INSERT INTO Distritos VALUES (80914, 'MEGANTONI', 809);
INSERT INTO Distritos VALUES (81001, 'PARURO', 810);
INSERT INTO Distritos VALUES (81002, 'ACCHA', 810);
INSERT INTO Distritos VALUES (81003, 'CCAPI', 810);
INSERT INTO Distritos VALUES (81004, 'COLCHA', 810);
INSERT INTO Distritos VALUES (81005, 'HUANOQUITE', 810);
INSERT INTO Distritos VALUES (81006, 'OMACHAÇ', 810);
INSERT INTO Distritos VALUES (81007, 'PACCARITAMBO', 810);
INSERT INTO Distritos VALUES (81008, 'PILLPINTO', 810);
INSERT INTO Distritos VALUES (81009, 'YAURISQUE', 810);
INSERT INTO Distritos VALUES (81101, 'PAUCARTAMBO', 811);
INSERT INTO Distritos VALUES (81102, 'CAICAY', 811);
INSERT INTO Distritos VALUES (81103, 'CHALLABAMBA', 811);
INSERT INTO Distritos VALUES (81104, 'COLQUEPATA', 811);
INSERT INTO Distritos VALUES (81105, 'HUANCARANI', 811);
INSERT INTO Distritos VALUES (81106, 'KOSÑIPATA', 811);
INSERT INTO Distritos VALUES (81201, 'URCOS', 812);
INSERT INTO Distritos VALUES (81202, 'ANDAHUAYLILLAS', 812);
INSERT INTO Distritos VALUES (81203, 'CAMANTI', 812);
INSERT INTO Distritos VALUES (81204, 'CCARHUAYO', 812);
INSERT INTO Distritos VALUES (81205, 'CCATCA', 812);
INSERT INTO Distritos VALUES (81206, 'CUSIPATA', 812);
INSERT INTO Distritos VALUES (81207, 'HUARO', 812);
INSERT INTO Distritos VALUES (81208, 'LUCRE', 812);
INSERT INTO Distritos VALUES (81209, 'MARCAPATA', 812);
INSERT INTO Distritos VALUES (81210, 'OCONGATE', 812);
INSERT INTO Distritos VALUES (81211, 'OROPESA', 812);
INSERT INTO Distritos VALUES (81212, 'QUIQUIJANA', 812);
INSERT INTO Distritos VALUES (81301, 'URUBAMBA', 813);
INSERT INTO Distritos VALUES (81302, 'CHINCHERO', 813);
INSERT INTO Distritos VALUES (81303, 'HUAYLLABAMBA', 813);
INSERT INTO Distritos VALUES (81304, 'MACHUPICCHU', 813);
INSERT INTO Distritos VALUES (81305, 'MARAS', 813);
INSERT INTO Distritos VALUES (81306, 'OLLANTAYTAMBO', 813);
INSERT INTO Distritos VALUES (81307, 'YUCAY', 813);




INSERT INTO Distritos VALUES (130101, 'TRUJILLO', 1301);
INSERT INTO Distritos VALUES (130102, 'HUANCHACO', 1301);
INSERT INTO Distritos VALUES (130103, 'LAREDO', 1301);
INSERT INTO Distritos VALUES (130104, 'MOCHE', 1301);
INSERT INTO Distritos VALUES (130105, 'SALAVERRY', 1301);
INSERT INTO Distritos VALUES (130106, 'SIMBAL', 1301);
INSERT INTO Distritos VALUES (130107, 'VICTOR LARCO HERRERA', 1301);
INSERT INTO Distritos VALUES (130108, 'POROTO', 1301);
INSERT INTO Distritos VALUES (130109, 'EL PORVENIR', 1301);
INSERT INTO Distritos VALUES (130110, 'LA ESPERANZA', 1301);
INSERT INTO Distritos VALUES (130111, 'FLORENCIA DE MORA', 1301);
INSERT INTO Distritos VALUES (130201, 'ASCOPE', 1302);
INSERT INTO Distritos VALUES (130202, 'CHICAMA', 1302);
INSERT INTO Distritos VALUES (130203, 'CHOCOPE', 1302);
INSERT INTO Distritos VALUES (130204, 'MAGDALENA DE CAO', 1302);
INSERT INTO Distritos VALUES (130205, 'PAIJAN', 1302);
INSERT INTO Distritos VALUES (130206, 'RAZURI', 1302);
INSERT INTO Distritos VALUES (130207, 'SANTIAGO DE CAO', 1302);
INSERT INTO Distritos VALUES (130208, 'CASA GRANDE', 1302);
INSERT INTO Distritos VALUES (130301, 'BOLIVAR', 1303);
INSERT INTO Distritos VALUES (130302, 'BAMBAMARCA', 1303);
INSERT INTO Distritos VALUES (130303, 'CONDORMARCA', 1303);
INSERT INTO Distritos VALUES (130304, 'LONGOTEA', 1303);
INSERT INTO Distritos VALUES (130305, 'UCHUMARCA', 1303);
INSERT INTO Distritos VALUES (130306, 'UCUNCHA', 1303);
INSERT INTO Distritos VALUES (130401, 'CHEPEN', 1304);
INSERT INTO Distritos VALUES (130402, 'PACANGA', 1304);
INSERT INTO Distritos VALUES (130501, 'JULCAN', 1305);
INSERT INTO Distritos VALUES (130502, 'CALAMARCA', 1305);
INSERT INTO Distritos VALUES (130503, 'CARABAMBA', 1305);
INSERT INTO Distritos VALUES (130601, 'OTUZCO', 1306);
INSERT INTO Distritos VALUES (130602, 'AGALLPAMPA', 1306);
INSERT INTO Distritos VALUES (130604, 'CHARAT', 1306);
INSERT INTO Distritos VALUES (130605, 'HUARANCHAL', 1306);
INSERT INTO Distritos VALUES (130606, 'LA CUESTA', 1306);
INSERT INTO Distritos VALUES (130608, 'PARANDAY', 1306);
INSERT INTO Distritos VALUES (130610, 'SALPO', 1306);
INSERT INTO Distritos VALUES (130611, 'SINSICAP', 1306);
INSERT INTO Distritos VALUES (130613, 'USQUIL', 1306);
INSERT INTO Distritos VALUES (130701, 'PACASMAYO', 1307);
INSERT INTO Distritos VALUES (130702, 'SAN PEDRO DE LLOC', 1307);
INSERT INTO Distritos VALUES (130703, 'GUADALUPE', 1307);
INSERT INTO Distritos VALUES (130704, 'JEQUETEPEQUE', 1307);
INSERT INTO Distritos VALUES (130705, 'PUEBLO NUEVO', 1307);
INSERT INTO Distritos VALUES (130801, 'TAYABAMBA', 1308);
INSERT INTO Distritos VALUES (130802, 'BULDIBUYO', 1308);
INSERT INTO Distritos VALUES (130803, 'CHILLIA', 1308);
INSERT INTO Distritos VALUES (130804, 'HUANCASPATA', 1308);
INSERT INTO Distritos VALUES (130805, 'HUAYLILLAS', 1308);
INSERT INTO Distritos VALUES (130806, 'HUAYO', 1308);
INSERT INTO Distritos VALUES (130807, 'ONGON', 1308);
INSERT INTO Distritos VALUES (130808, 'PARCOY', 1308);
INSERT INTO Distritos VALUES (130809, 'PATAZ', 1308);
INSERT INTO Distritos VALUES (130810, 'PIAS', 1308);
INSERT INTO Distritos VALUES (130811, 'TAURIJA', 1308);
INSERT INTO Distritos VALUES (130812, 'URPAY', 1308);
INSERT INTO Distritos VALUES (130813, 'SANTIAGO DE CHALLAS', 1308);
INSERT INTO Distritos VALUES (130901, 'HUAMACHUCO', 1309);
INSERT INTO Distritos VALUES (130902, 'COCHORCO', 1309);
INSERT INTO Distritos VALUES (130903, 'CURGOS', 1309);
INSERT INTO Distritos VALUES (130904, 'CHUGAY', 1309);
INSERT INTO Distritos VALUES (130905, 'MARCABAL', 1309);
INSERT INTO Distritos VALUES (130906, 'SANAGORAN', 1309);
INSERT INTO Distritos VALUES (130907, 'SARIN', 1309);
INSERT INTO Distritos VALUES (130908, 'SARTIMBAMBA', 1309);
INSERT INTO Distritos VALUES (131001, 'SANTIAGO DE CHUCO', 1310);
INSERT INTO Distritos VALUES (131002, 'CACHICADAN', 1310);
INSERT INTO Distritos VALUES (131003, 'MOLLEBAMBA', 1310);
INSERT INTO Distritos VALUES (131004, 'MOLLEPATA', 1310);
INSERT INTO Distritos VALUES (131005, 'QUIRUVILCA', 1310);
INSERT INTO Distritos VALUES (131006, 'SANTA CRUZ DE CHUCA', 1310);
INSERT INTO Distritos VALUES (131007, 'SITABAMBA', 1310);
INSERT INTO Distritos VALUES (131101, 'CASCAS', 1311);
INSERT INTO Distritos VALUES (131102, 'LUCMA', 1311);
INSERT INTO Distritos VALUES (131103, 'MARMOT', 1311);
INSERT INTO Distritos VALUES (131104, 'SAYAPULLO', 1311);
INSERT INTO Distritos VALUES (131201, 'VIRU', 1312);
INSERT INTO Distritos VALUES (131202, 'CHAO', 1312);
INSERT INTO Distritos VALUES (131203, 'GUADALUPITO', 1312);

INSERT INTO Distritos VALUES (180101, 'CARUMAS', 1801);
INSERT INTO Distritos VALUES (180102, 'CUCHUMBAYA', 1801);
INSERT INTO Distritos VALUES (180103, 'MOQUEGUA', 1801);
INSERT INTO Distritos VALUES (180104, 'SAMEGUA', 1801);
INSERT INTO Distritos VALUES (180105, 'SAN ANTONIO', 1801);
INSERT INTO Distritos VALUES (180106, 'SAN CRISTOBAL DE CALACAO', 1801);
INSERT INTO Distritos VALUES (180107, 'TORATA', 1801);
INSERT INTO Distritos VALUES (180201, 'OMATE', 1802);
INSERT INTO Distritos VALUES (180202, 'CHOJATA', 1802);
INSERT INTO Distritos VALUES (180203, 'COALAQUE', 1802);
INSERT INTO Distritos VALUES (180204, 'ICHUÑA', 1802);
INSERT INTO Distritos VALUES (180205, 'LA CAPILLA', 1802);
INSERT INTO Distritos VALUES (180206, 'LLOQUE', 1802);
INSERT INTO Distritos VALUES (180207, 'MATALAQUE', 1802);
INSERT INTO Distritos VALUES (180208, 'PUQUINA', 1802);
INSERT INTO Distritos VALUES (180209, 'QUINISTAQUILLAS', 1802);
INSERT INTO Distritos VALUES (180210, 'UBINAS', 1802);
INSERT INTO Distritos VALUES (180211, 'YUNGA', 1802);
INSERT INTO Distritos VALUES (180212, 'SAN JOSE DE MOQUEGUA', 1802);
INSERT INTO Distritos VALUES (180301, 'ILO', 1803);
INSERT INTO Distritos VALUES (180302, 'EL ALGARROBAL', 1803);
INSERT INTO Distritos VALUES (180303, 'PACOCHA', 1803);

INSERT INTO Distritos VALUES (210101, 'PUNO', 2101);
INSERT INTO Distritos VALUES (210102, 'ACORA', 2101);
INSERT INTO Distritos VALUES (210103, 'AMANTANI', 2101);
INSERT INTO Distritos VALUES (210104, 'ATUNCOLLA', 2101);
INSERT INTO Distritos VALUES (210105, 'CAPACHICA', 2101);
INSERT INTO Distritos VALUES (210106, 'CHUCUITO', 2101);
INSERT INTO Distritos VALUES (210107, 'COATA', 2101);
INSERT INTO Distritos VALUES (210108, 'HUATA', 2101);
INSERT INTO Distritos VALUES (210109, 'MAÑAZO', 2101);
INSERT INTO Distritos VALUES (210110, 'PAUCARCOLLA', 2101);
INSERT INTO Distritos VALUES (210111, 'PICHACANI', 2101);
INSERT INTO Distritos VALUES (210112, 'PLATERIA', 2101);
INSERT INTO Distritos VALUES (210113, 'SAN ANTONIO', 2101);
INSERT INTO Distritos VALUES (210114, 'TIQUILLACA', 2101);
INSERT INTO Distritos VALUES (210115, 'VILQUE', 2101);
INSERT INTO Distritos VALUES (210201, 'AZANGARO', 2102);
INSERT INTO Distritos VALUES (210202, 'ACHAYA', 2102);
INSERT INTO Distritos VALUES (210203, 'ARAPA', 2102);
INSERT INTO Distritos VALUES (210204, 'ASILLO', 2102);
INSERT INTO Distritos VALUES (210205, 'CAMINACA', 2102);
INSERT INTO Distritos VALUES (210206, 'CHUPA', 2102);
INSERT INTO Distritos VALUES (210207, 'JOSE DOMINGO CHOQUEHUANCA', 2102);
INSERT INTO Distritos VALUES (210208, 'MUÑANI', 2102);
INSERT INTO Distritos VALUES (210209, 'POTONI', 2102);
INSERT INTO Distritos VALUES (210210, 'SAMAN', 2102);
INSERT INTO Distritos VALUES (210211, 'SAN ANTON', 2102);
INSERT INTO Distritos VALUES (210212, 'SAN JOSE', 2102);
INSERT INTO Distritos VALUES (210213, 'SAN JUAN DE SALINAS', 2102);
INSERT INTO Distritos VALUES (210214, 'SANTIAGO DE PUPUJA', 2102);
INSERT INTO Distritos VALUES (210215, 'TIRAPATA', 2102);
INSERT INTO Distritos VALUES (210301, 'MACUSANI', 2103);
INSERT INTO Distritos VALUES (210302, 'AJOYANI', 2103);
INSERT INTO Distritos VALUES (210303, 'AYAPATA', 2103);
INSERT INTO Distritos VALUES (210304, 'COASA', 2103);
INSERT INTO Distritos VALUES (210305, 'CORANI', 2103);
INSERT INTO Distritos VALUES (210306, 'CRUCERO', 2103);
INSERT INTO Distritos VALUES (210307, 'ITUATA', 2103);
INSERT INTO Distritos VALUES (210308, 'OLLACHEA', 2103);
INSERT INTO Distritos VALUES (210309, 'SAN GABAN', 2103);
INSERT INTO Distritos VALUES (210310, 'USICAYOS', 2103);
INSERT INTO Distritos VALUES (210401, 'JULI', 2104);
INSERT INTO Distritos VALUES (210402, 'DESAGUADERO', 2104);
INSERT INTO Distritos VALUES (210403, 'HUACULLANI', 2104);
INSERT INTO Distritos VALUES (210404, 'KELLUYO', 2104);
INSERT INTO Distritos VALUES (210405, 'PISACOMA', 2104);
INSERT INTO Distritos VALUES (210406, 'POMATA', 2104);
INSERT INTO Distritos VALUES (210407, 'ZEPITA', 2104);
INSERT INTO Distritos VALUES (210501, 'ILAVE', 2105);
INSERT INTO Distritos VALUES (210502, 'CAPAZO', 2105);
INSERT INTO Distritos VALUES (210503, 'PILCUYO', 2105);
INSERT INTO Distritos VALUES (210504, 'SANTA ROSA', 2105);
INSERT INTO Distritos VALUES (210505, 'CONDURIRI', 2105);
INSERT INTO Distritos VALUES (210601, 'HUANCANE', 2106);
INSERT INTO Distritos VALUES (210602, 'COJATA', 2106);
INSERT INTO Distritos VALUES (210603, 'HUATASANI', 2106);
INSERT INTO Distritos VALUES (210604, 'INCHUPALLA', 2106);
INSERT INTO Distritos VALUES (210605, 'PUSI', 2106);
INSERT INTO Distritos VALUES (210606, 'ROSASPATA', 2106);
INSERT INTO Distritos VALUES (210607, 'TARACO', 2106);
INSERT INTO Distritos VALUES (210608, 'VILQUE CHICO', 2106);
INSERT INTO Distritos VALUES (210701, 'LAMPA', 2107);
INSERT INTO Distritos VALUES (210702, 'CABANILLA', 2107);
INSERT INTO Distritos VALUES (210703, 'CALAPUJA', 2107);
INSERT INTO Distritos VALUES (210704, 'NICASIO', 2107);
INSERT INTO Distritos VALUES (210705, 'OCUVIRI', 2107);
INSERT INTO Distritos VALUES (210706, 'PALCA', 2107);
INSERT INTO Distritos VALUES (210707, 'PARATIA', 2107);
INSERT INTO Distritos VALUES (210708, 'PUCARA', 2107);
INSERT INTO Distritos VALUES (210709, 'SANTA LUCIA', 2107);
INSERT INTO Distritos VALUES (210710, 'VILAVILA', 2107);
INSERT INTO Distritos VALUES (210801, 'AYAVIRI', 2108);
INSERT INTO Distritos VALUES (210802, 'ANTAUTA', 2108);
INSERT INTO Distritos VALUES (210803, 'CUPI', 2108);
INSERT INTO Distritos VALUES (210804, 'LLALLI', 2108);
INSERT INTO Distritos VALUES (210805, 'MACARI', 2108);
INSERT INTO Distritos VALUES (210806, 'NUÑOA', 2108);
INSERT INTO Distritos VALUES (210807, 'ORURILLO', 2108);
INSERT INTO Distritos VALUES (210808, 'SANTA ROSA', 2108);
INSERT INTO Distritos VALUES (210809, 'UMACHIRI', 2108);
INSERT INTO Distritos VALUES (210901, 'MOHO', 2109);
INSERT INTO Distritos VALUES (210902, 'CONIMA', 2109);
INSERT INTO Distritos VALUES (210903, 'HUAYRAPATA', 2109);
INSERT INTO Distritos VALUES (210904, 'TILALI', 2109);
INSERT INTO Distritos VALUES (211001, 'PUTINA', 2110);
INSERT INTO Distritos VALUES (211002, 'ANANEA', 2110);
INSERT INTO Distritos VALUES (211003, 'PEDRO VILCA APAZA', 2110);
INSERT INTO Distritos VALUES (211004, 'QUILCAPUNCU', 2110);
INSERT INTO Distritos VALUES (211005, 'SINA', 2110);
INSERT INTO Distritos VALUES (211101, 'JULIACA', 2111);
INSERT INTO Distritos VALUES (211102, 'CABANA', 2111);
INSERT INTO Distritos VALUES (211103, 'CABANILLAS', 2111);
INSERT INTO Distritos VALUES (211104, 'CARACOTO', 2111);
INSERT INTO Distritos VALUES (211201, 'SANDIA', 2112);
INSERT INTO Distritos VALUES (211202, 'CUYOCUYO', 2112);
INSERT INTO Distritos VALUES (211203, 'LIMBANI', 2112);
INSERT INTO Distritos VALUES (211204, 'PATAMBUCO', 2112);
INSERT INTO Distritos VALUES (211205, 'PHARA', 2112);
INSERT INTO Distritos VALUES (211206, 'QUIACA', 2112);
INSERT INTO Distritos VALUES (211207, 'SAN JUAN DEL ORO', 2112);
INSERT INTO Distritos VALUES (211208, 'YANAHUAYA', 2112);
INSERT INTO Distritos VALUES (211209, 'ALTO INAMBARI', 2112);
INSERT INTO Distritos VALUES (211210, 'SAN PEDRO DE PUTINA PUNCO', 2112);
INSERT INTO Distritos VALUES (211301, 'YUNGUYO', 2113);
INSERT INTO Distritos VALUES (211302, 'ANAPIA', 2113);
INSERT INTO Distritos VALUES (211303, 'COPANI', 2113);
INSERT INTO Distritos VALUES (211304, 'CUTURAPI', 2113);
INSERT INTO Distritos VALUES (211305, 'OLLARAYA', 2113);
INSERT INTO Distritos VALUES (211306, 'TINICACHI', 2113);
INSERT INTO Distritos VALUES (211307, 'UNICACHI', 2113);

INSERT INTO Distritos VALUES (230101, 'TACNA', 2301);
INSERT INTO Distritos VALUES (230102, 'ALTO DE LA ALIANZA', 2301);
INSERT INTO Distritos VALUES (230103, 'CALANA', 2301);
INSERT INTO Distritos VALUES (230104, 'CIUDAD NUEVA', 2301);
INSERT INTO Distritos VALUES (230105, 'INCLAN', 2301);
INSERT INTO Distritos VALUES (230106, 'PACHIA', 2301);
INSERT INTO Distritos VALUES (230107, 'PALCA', 2301);
INSERT INTO Distritos VALUES (230108, 'POCOLLAY', 2301);
INSERT INTO Distritos VALUES (230109, 'SAMA', 2301);
INSERT INTO Distritos VALUES (230110, 'CORONEL GREGORIO ALBARRACIN LANCHIPA', 2301);
INSERT INTO Distritos VALUES (230111, 'LA YARADA LOS PALOS', 2301);
INSERT INTO Distritos VALUES (230201, 'CANDARAVE', 2302);
INSERT INTO Distritos VALUES (230202, 'CAIRANI', 2302);
INSERT INTO Distritos VALUES (230203, 'CAMILACA', 2302);
INSERT INTO Distritos VALUES (230204, 'CURIBAYA', 2302);
INSERT INTO Distritos VALUES (230205, 'HUANUARA', 2302);
INSERT INTO Distritos VALUES (230206, 'QUILAHUANI', 2302);
INSERT INTO Distritos VALUES (230301, 'LOCUMBA', 2303);
INSERT INTO Distritos VALUES (230302, 'ILABAYA', 2303);
INSERT INTO Distritos VALUES (230303, 'ITE', 2303);
INSERT INTO Distritos VALUES (230401, 'TARATA', 2304);
INSERT INTO Distritos VALUES (230402, 'HEROES ALBARRACIN', 2304);
INSERT INTO Distritos VALUES (230403, 'ESTIQUE', 2304);
INSERT INTO Distritos VALUES (230404, 'ESTIQUE-PAMPA', 2304);
INSERT INTO Distritos VALUES (230405, 'SITAJARA', 2304);
INSERT INTO Distritos VALUES (230406, 'SUSAPAYA', 2304);
INSERT INTO Distritos VALUES (230407, 'TARUCACHI', 2304);
INSERT INTO Distritos VALUES (230408, 'TICACO', 2304);