USE fernan11_equipofernandez;

CREATE TABLE Departamentos (
    ID_D INT PRIMARY KEY,
    DEPARTAMENTO VARCHAR(255) NOT NULL
);

CREATE TABLE Provincias (
    ID_P INT PRIMARY KEY,
    PROVINCIA VARCHAR(255) NOT NULL,
    ID_D INT,
    FOREIGN KEY (ID_D) REFERENCES Departamentos(ID_D)
);

CREATE TABLE Distritos (
    ID_DIST INT PRIMARY KEY,
    DISTRITO VARCHAR(255) NOT NULL,
    ID_P INT,
    FOREIGN KEY (ID_P) REFERENCES Provincias(ID_P)
);

CREATE TABLE Ejecutivos(
    ID_EJECUTIVO INT PRIMARY KEY,
    
)

CREATE TABLE Empresas_RpL (
    ID_REPRESENTANTE INT PRIMARY KEY AUTO_INCREMENT,
    REPRESENTANTE_LEGAL VARCHAR(255) NOT NULL,
    RL_CORREO VARCHAR(255),
    RL_TELEFONO VARCHAR(9),
    RUC_EMPLEADOR VARCHAR(11)
    FOREIGN KEY (RUC_EMPLEADOR) REFERENCES Empresas(RUC_EMPLEADOR)
);

CREATE TABLE Empresas (
    RUC_EMPLEADOR VARCHAR(11) PRIMARY KEY,
    RAZON_SOCIAL VARCHAR(255) NOT NULL,
    TIPO_EMPRESA VARCHAR(255) NOT NULL,
    DIRECC VARCHAR(255),
    LOCALI VARCHAR(255),
    REFERENCIA VARCHAR(255),
    DISTRITO INT,
    PROVINCIA INT,
    DEPARTAMENTO INT,
    FOREIGN KEY (DISTRITO) REFERENCES Distritos(ID_DIST),
    FOREIGN KEY (PROVINCIA) REFERENCES Provincias(ID_P),
    FOREIGN KEY (DEPARTAMENTO) REFERENCES Departamentos(ID_D),
);

CREATE TABLE Empresas_Datos(
    RUC_EMPLEADOR VARCHAR(11),
    TELEFONO VARCHAR(9),
    CORREO VARCHAR(255),
    NOMBRE VARCHAR(255),
    FOREIGN KEY (RUC_EMPLEADOR) REFERENCES Empresas(RUC_EMPLEADOR)
)

CREATE TABLE Empresa_Estudio(
    RUC_EMPLEADOR VARCHAR(11),
    COD_ESTUDIO INT,
    EJECUTIVO INT,
    ID_ESTADO INT,
    FOREIGN KEY (RUC_EMPLEADOR) REFERENCES Empresas(RUC_EMPLEADOR),
    FOREIGN KEY (COD_ESTUDIO) REFERENCES Empresas(RUC_EMPLEADOR),
    FOREIGN KEY (RUC_EMPLEADOR) REFERENCES Empresas(RUC_EMPLEADOR),
    FOREIGN KEY (RUC_EMPLEADOR) REFERENCES Empresas(RUC_EMPLEADOR)  
)


CREATE TABLE Registros_Correo (
    ID_CORREO INT PRIMARY KEY AUTO_INCREMENT,
    RUC_EMPLEADOR VARCHAR(11),
    FECHA DATE,
    FOREIGN KEY (RUC_EMPLEADOR) REFERENCES Empresas(RUC_EMPLEADOR)
)

CREATE TABLE Estudios (
    COD_ESTUDIO INT PRIMARY KEY,
    NOMBRE_EST VARCHAR(100) NOT NULL
);

CREATE TABLE Eventos (
    CODIGO_EVENTO INT PRIMARY KEY,
    DESCRIPCION_EVENTO VARCHAR(255)
);

CREATE TABLE Deudas(
    TIP_DEUDA INT PRIMARY KEY,
    DESCRIPCION_DEUDA VARCHAR(255) NOT NULL
);

CREATE TABLE Estados(
    ID_ESTADO INT PRIMARY KEY,
    DESCRIPCION_ESTADO VARCHAR(255) NOT NULL
);

CREATE TABLE Ubicacion_Proceso (
    ID_PROCESO INT PRIMARY KEY,
    UBICACION_PROCESO VARCHAR(255) NOT NULL
);

CREATE TABLE DemandasPrima (
    ID_DEMANDAP INT PRIMARY KEY AUTO_INCREMENT,
    NR_DEMANDA VARCHAR(15) NOT NULL,
    FE_EMISION DATE NOT NULL,
    RUC_EMPLEADOR VARCHAR(11) NOT NULL,
    COD_ESTUDIO INT NOT NULL,
    MTO_TOTAL_DEMANDA DECIMAL(10,2),
    TIP_DEUDA INT NOT NULL,
    CODIGO_UNICO_EXPEDIENTE VARCHAR(26),
    FECHA_PRESENTACION DATE,
    EXPEDIENTE INT,
    AÑO INT,
    SECRETARIO_JUZGADO VARCHAR(255),
    CODIGO_JUZGADO INT,
    DESCRIPCION_JUZGADO VARCHAR(255),
    ID_ESTADO INT,
    ID_PROCESO INT,
    FOREIGN KEY (ID_PROCESO) REFERENCES Ubicacion_Proceso(ID_PROCESO),
    FOREIGN KEY (ID_ESTADO) REFERENCES Estados(ID_ESTADO),
    FOREIGN KEY (TIP_DEUDA) REFERENCES Deudas(TIP_DEUDA),
    FOREIGN KEY (RUC_EMPLEADOR) REFERENCES Empresas(RUC_EMPLEADOR),
    FOREIGN KEY (COD_ESTUDIO) REFERENCES Estudios(COD_ESTUDIO)
);

CREATE TABLE DemandasProfuturo (
    ID_DEMANDAPRO INT PRIMARY KEY AUTO_INCREMENT,
    NUM_DEMANDA VARCHAR(15) NOT NULL,
    RUC_EMPLEADOR VARCHAR(11) NOT NULL,
    FE_EMISION DATE NOT NULL,
    COD_ESTUDIO INT NOT NULL,
    TOTAL_DEMANDADO DECIMAL(10,2),
    TIPO_DEUDA VARCHAR(20) NOT NULL,
    NOMBRE_EST VARCHAR(255) NOT NULL,
    CODIGO_UNICO_EXPEDIENTE VARCHAR(26),
    FECHA_PRESENTACION DATE,
    NRO_EXPEDIENTE INT,
    AÑO INT,
    SECRETARIO VARCHAR(255),
    JUZGADO INT,
    DESCRIPCION_JUZGADO VARCHAR(255) ,
    ID_ESTADO INT,
    ID_PROCESO INT,
    FOREIGN KEY (ID_PROCESO) REFERENCES Ubicacion_Proceso(ID_PROCESO),
    FOREIGN KEY (ID_ESTADO) REFERENCES Estados(ID_ESTADO),
    FOREIGN KEY (RUC_EMPLEADOR) REFERENCES Empresas(RUC_EMPLEADOR)
);

CREATE TABLE Registros (
    ID_REGISTRO INT PRIMARY KEY,
    MODO_REGISTRO VARCHAR(5) NOT NULL
);

CREATE TABLE Ubicaciones (
    ID_UBICACION INT PRIMARY KEY,
    NOMBRE_UBICACION VARCHAR(255) NOT NULL
);

CREATE TABLE Eventos_DemandasPrima (
    ID INT PRIMARY KEY AUTO_INCREMENT,
    ID_DEMANDAP INT NOT NULL,
    CODIGO_EVENTO INT NOT NULL,
    RESOLUCION INT NOT NULL,
    FECHA_EVENTO DATE NOT NULL,
    ID_REGISTRO INT NOT NULL,
    ID_UBICACION INT,
    OBSERVACIONES VARCHAR(255),
    FOREIGN KEY (ID_UBICACION) REFERENCES Ubicaciones(ID_UBICACION),
    FOREIGN KEY (ID_REGISTRO) REFERENCES Registros(ID_REGISTRO),
    FOREIGN KEY (ID_DEMANDAP) REFERENCES DemandasPrima(ID_DEMANDAP),
    FOREIGN KEY (CODIGO_EVENTO) REFERENCES Eventos(CODIGO_EVENTO)
);

CREATE TABLE Eventos_DemandasProfuturo (
    ID INT PRIMARY KEY AUTO_INCREMENT,
    ID_DEMANDAPRO INT NOT NULL,
    RESOLUCION INT NOT NULL,
    CODIGO_EVENTO INT NOT NULL,
    FECHA_EVENTO DATE NOT NULL,
    ID_REGISTRO INT NOT NULL,
    ID_UBICACION INT,
    OBSERVACIONES VARCHAR(255),
    FOREIGN KEY (ID_UBICACION) REFERENCES Ubicaciones(ID_UBICACION),
    FOREIGN KEY (ID_REGISTRO) REFERENCES Registros(ID_REGISTRO),
    FOREIGN KEY (ID_DEMANDAPRO) REFERENCES DemandasProfuturo(ID_DEMANDAPRO),
    FOREIGN KEY (CODIGO_EVENTO) REFERENCES Eventos(CODIGO_EVENTO)

);

CREATE TABLE Actividades (
    ID_ACTIVIDAD INT PRIMARY KEY AUTO_INCREMENT,
    ID_DEMANDAP INT,
    ID_DEMANDAPRO INT,
    ID_EVENTO INT,
    ID_USUARIO INT,
    ACTIVIDAD VARCHAR(255),
    FOREIGN KEY (ID_DEMANDAP) REFERENCES DemandasPrima(ID_DEMANDAP),
    FOREIGN KEY (ID_DEMANDAPRO) REFERENCES DemandasProfuturo(ID_DEMANDAPRO),
    FOREIGN KEY (ID_EVENTO) REFERENCES Eventos(CODIGO_EVENTO)
);

CREATE TABLE Administraciones (
    ID_ADMINISTRACION INT PRIMARY KEY AUTO_INCREMENT,
    FECHA DATE,
    ZONA VARCHAR(255),
    AFP VARCHAR(255),
    CODIGO_FACTURA VARCHAR(255),
    RECIBO VARCHAR(255),
    SUBTOTAL DECIMAL(10,2),
    IGV DECIMAL(10,2),
    TOTAL_RECIBO DECIMAL(10,2),
    DETRACCION DECIMAL(10,2),
    RUC_EMPLEADOR VARCHAR(11),
    COMISION DECIMAL(10,2),
    EJECUTIVA VARCHAR(255),
    ARANCELES DECIMAL(10,2),
    ID_DEMANDAP INT,
    ID_DEMANDAPRO INT,
    MON_MET_INTERNA DECIMAL(10,2),
    MONTO_TOTAL DECIMAL(10,2),
    BANCO VARCHAR(255),
    DEP_DETRACCION DECIMAL(10,2),
    OBSERVACIONES VARCHAR(255),
    RECIBO_FACTURA VARCHAR(255),
    ESTADO VARCHAR(255),
    FOREIGN KEY (ID_DEMANDAP) REFERENCES DemandasPrima(ID_DEMANDAP),
    FOREIGN KEY (ID_DEMANDAPRO) REFERENCES DemandasProfuturo(ID_DEMANDAPRO),
    FOREIGN KEY (RUC_EMPLEADOR) REFERENCES Empresas(RUC_EMPLEADOR)
)


INSERT INTO Registros VALUES (1, 'IRN');
INSERT INTO Registros VALUES (2, 'CEJ');

INSERT INTO Ubicaciones VALUES (1, 'ESPECIALISTA');
INSERT INTO Ubicaciones VALUES (2, 'POOL ASIST JUDICIAL');
INSERT INTO Ubicaciones VALUES (3, 'ARCHIVO MODULAR');
INSERT INTO Ubicaciones VALUES (4, 'ARCHIVO');

INSERT INTO Departamentos VALUES (1, 'AMAZONAS');
INSERT INTO Departamentos VALUES (2, 'ANCASH');
INSERT INTO Departamentos VALUES (3, 'APURÍMAC');
INSERT INTO Departamentos VALUES (4, 'AREQUIPA');
INSERT INTO Departamentos VALUES (5, 'AYACUCHO');
INSERT INTO Departamentos VALUES (6, 'CAJAMARCA');
INSERT INTO Departamentos VALUES (7, 'CALLAO');
INSERT INTO Departamentos VALUES (8, 'CUSCO');
INSERT INTO Departamentos VALUES (9, 'HUANCAVELICA');
INSERT INTO Departamentos VALUES (10, 'HUÁNUCO');
INSERT INTO Departamentos VALUES (11, 'ICA');
INSERT INTO Departamentos VALUES (12, 'JUNÍN');

INSERT INTO Departamentos VALUES (13, 'LA LIBERTAD');

INSERT INTO Departamentos VALUES (14, 'LAMBAYEQUE');
INSERT INTO Departamentos VALUES (15, 'LIMA');
INSERT INTO Departamentos VALUES (16, 'LORETO');
INSERT INTO Departamentos VALUES (17, 'MADRE DE DIOS');

INSERT INTO Departamentos VALUES (18, 'MOQUEGUA');

INSERT INTO Departamentos VALUES (19, 'PASCO');
INSERT INTO Departamentos VALUES (20, 'PIURA');

INSERT INTO Departamentos VALUES (21, 'PUNO');

INSERT INTO Departamentos VALUES (22, 'SAN MARTÍN');

INSERT INTO Departamentos VALUES (23, 'TACNA');

INSERT INTO Departamentos VALUES (24, 'TUMBES');
INSERT INTO Departamentos VALUES (25, 'UCAYALI');


INSERT INTO Provincias VALUES (101, 'CHACHAPOYAS', 1);
INSERT INTO Provincias VALUES (102, 'BAGUA', 1);
INSERT INTO Provincias VALUES (103, 'BONGARA', 1);
INSERT INTO Provincias VALUES (104, 'CONDORCANQUI', 1);
INSERT INTO Provincias VALUES (105, 'LUYA', 1);
INSERT INTO Provincias VALUES (106, 'RODRIGUEZ DE MENDOZA', 1);
INSERT INTO Provincias VALUES (107, 'UTCUBAMBA', 1);

INSERT INTO Provincias VALUES (201, 'HUARAZ', 2);
INSERT INTO Provincias VALUES (202, 'AIJA', 2);
INSERT INTO Provincias VALUES (203, 'ANTONIO RAYMONDI', 2);
INSERT INTO Provincias VALUES (204, 'ASUNCION', 2);
INSERT INTO Provincias VALUES (205, 'BOLOGNESI', 2);
INSERT INTO Provincias VALUES (206, 'CARHUAZ', 2);
INSERT INTO Provincias VALUES (207, 'CARLOS FERMIN FITZCARRALD', 2);
INSERT INTO Provincias VALUES (208, 'CASMA', 2);
INSERT INTO Provincias VALUES (209, 'CORONGO', 2);
INSERT INTO Provincias VALUES (210, 'HUARI', 2);
INSERT INTO Provincias VALUES (211, 'HUARMEY', 2);
INSERT INTO Provincias VALUES (212, 'HUAYLAS', 2);
INSERT INTO Provincias VALUES (213, 'MARISCAL LUZURIAGA', 2);
INSERT INTO Provincias VALUES (214, 'OCROS', 2);
INSERT INTO Provincias VALUES (215, 'PALLASCA', 2);
INSERT INTO Provincias VALUES (216, 'POMABAMBA', 2);
INSERT INTO Provincias VALUES (217, 'RECUAY', 2);
INSERT INTO Provincias VALUES (218, 'SANTA', 2);
INSERT INTO Provincias VALUES (219, 'SIHUAS', 2);
INSERT INTO Provincias VALUES (220, 'YUNGAY', 2);

INSERT INTO Provincias VALUES (301, 'ABANCAY', 3);
INSERT INTO Provincias VALUES (302, 'ANDAHUAYLAS', 3);
INSERT INTO Provincias VALUES (303, 'ANTABAMBA', 3);
INSERT INTO Provincias VALUES (304, 'AYMARAES', 3);
INSERT INTO Provincias VALUES (305, 'COTABAMBAS', 3);
INSERT INTO Provincias VALUES (306, 'CHINCHEROS', 3);
INSERT INTO Provincias VALUES (307, 'GRAU', 3);

INSERT INTO Provincias VALUES (401, 'AREQUIPA', 4);
INSERT INTO Provincias VALUES (402, 'CAMANÁ', 4);
INSERT INTO Provincias VALUES (403, 'CARAVELÍ', 4);
INSERT INTO Provincias VALUES (404, 'CASTILLA', 4);
INSERT INTO Provincias VALUES (405, 'CAYLLOMA', 4);
INSERT INTO Provincias VALUES (406, 'CONDESUYOS', 4);
INSERT INTO Provincias VALUES (407, 'ISLAY', 4);
INSERT INTO Provincias VALUES (408, 'LA UNIÓN', 4);

INSERT INTO Provincias VALUES (501, 'HUAMANGA', 5);
INSERT INTO Provincias VALUES (502, 'CANGALLO', 5);
INSERT INTO Provincias VALUES (503, 'HUANCA SANCOS', 5);
INSERT INTO Provincias VALUES (504, 'HUANTA', 5);
INSERT INTO Provincias VALUES (505, 'LA MAR', 5);
INSERT INTO Provincias VALUES (506, 'LUCANAS', 5);
INSERT INTO Provincias VALUES (507, 'PARINACOCHAS', 5);
INSERT INTO Provincias VALUES (508, 'PÁUCAR DEL SARA SARA', 5);
INSERT INTO Provincias VALUES (509, 'SUCRE', 5);
INSERT INTO Provincias VALUES (510, 'VÍCTOR FAJARDO', 5);
INSERT INTO Provincias VALUES (511, 'VILCAS HUAMÁN', 5);


INSERT INTO Provincias VALUES (601, 'CAJAMARCA', 6);
INSERT INTO Provincias VALUES (602, 'CAJABAMBA', 6);
INSERT INTO Provincias VALUES (603, 'CELENDÍN', 6);
INSERT INTO Provincias VALUES (604, 'CHOTA', 6);
INSERT INTO Provincias VALUES (605, 'CONTUMAZÁ', 6);
INSERT INTO Provincias VALUES (606, 'CUTERVO', 6);
INSERT INTO Provincias VALUES (607, 'HUALGAYOC', 6);
INSERT INTO Provincias VALUES (608, 'JAÉN', 6);
INSERT INTO Provincias VALUES (609, 'SAN IGNACIO', 6);
INSERT INTO Provincias VALUES (610, 'SAN MARCOS', 6);
INSERT INTO Provincias VALUES (611, 'SAN MIGUEL', 6);
INSERT INTO Provincias VALUES (612, 'SAN PABLO', 6);
INSERT INTO Provincias VALUES (613, 'SANTA CRUZ', 6);

INSERT INTO Provincias VALUES (701, 'CALLAO', 7);


INSERT INTO Provincias VALUES (1301, 'TRUJILLO', 13);
INSERT INTO Provincias VALUES (1302, 'ASCOPE', 13);
INSERT INTO Provincias VALUES (1303, 'BOLIVAR', 13);
INSERT INTO Provincias VALUES (1304, 'CHEPEN', 13);
INSERT INTO Provincias VALUES (1305, 'JULCAN', 13);
INSERT INTO Provincias VALUES (1306, 'OTUZCO', 13);
INSERT INTO Provincias VALUES (1307, 'PACASMAYO', 13);
INSERT INTO Provincias VALUES (1308, 'PATAZ', 13);
INSERT INTO Provincias VALUES (1309, 'SANCHEZ CARRION', 13);
INSERT INTO Provincias VALUES (1310, 'SANTIAGO DE CHUCO', 13);
INSERT INTO Provincias VALUES (1311, 'GRAN CHIMU', 13);
INSERT INTO Provincias VALUES (1312, 'VIRU', 13);

INSERT INTO Provincias VALUES (1801, 'MARISCAL NIETO', 18);
INSERT INTO Provincias VALUES (1802, 'GENERAL SANCHEZ CERRO', 18);
INSERT INTO Provincias VALUES (1803, 'ILO', 18);

INSERT INTO Provincias VALUES (2101, 'PUNO', 21);
INSERT INTO Provincias VALUES (2102, 'AZANGARO', 21);
INSERT INTO Provincias VALUES (2103, 'CARABAYA', 21);
INSERT INTO Provincias VALUES (2104, 'CHUCUITO', 21);
INSERT INTO Provincias VALUES (2105, 'EL COLLAO', 21);
INSERT INTO Provincias VALUES (2106, 'HUANCANE', 21);
INSERT INTO Provincias VALUES (2107, 'LAMPA', 21);
INSERT INTO Provincias VALUES (2108, 'MELGAR', 21);
INSERT INTO Provincias VALUES (2109, 'MOHO', 21);
INSERT INTO Provincias VALUES (2110, 'SAN ANTONIO DE PUTINA', 21);
INSERT INTO Provincias VALUES (2111, 'SAN ROMAN', 21);
INSERT INTO Provincias VALUES (2112, 'SANDIA', 21);
INSERT INTO Provincias VALUES (2113, 'YUNGUYO', 21);

INSERT INTO Provincias VALUES (2301, 'TACNA', 23);
INSERT INTO Provincias VALUES (2302, 'CANDARAVE', 23);
INSERT INTO Provincias VALUES (2303, 'JORGE BASADRE', 23);
INSERT INTO Provincias VALUES (2304, 'TARATA', 23);



INSERT INTO Distritos VALUES (130101, 'TRUJILLO', 1301);
INSERT INTO Distritos VALUES (130102, 'HUANCHACO', 1301);
INSERT INTO Distritos VALUES (130103, 'LAREDO', 1301);
INSERT INTO Distritos VALUES (130104, 'MOCHE', 1301);
INSERT INTO Distritos VALUES (130105, 'SALAVERRY', 1301);
INSERT INTO Distritos VALUES (130106, 'SIMBAL', 1301);
INSERT INTO Distritos VALUES (130107, 'VICTOR LARCO HERRERA', 1301);
INSERT INTO Distritos VALUES (130108, 'POROTO', 1301);
INSERT INTO Distritos VALUES (130109, 'EL PORVENIR', 1301);
INSERT INTO Distritos VALUES (130110, 'LA ESPERANZA', 1301);
INSERT INTO Distritos VALUES (130111, 'FLORENCIA DE MORA', 1301);
INSERT INTO Distritos VALUES (130201, 'ASCOPE', 1302);
INSERT INTO Distritos VALUES (130202, 'CHICAMA', 1302);
INSERT INTO Distritos VALUES (130203, 'CHOCOPE', 1302);
INSERT INTO Distritos VALUES (130204, 'MAGDALENA DE CAO', 1302);
INSERT INTO Distritos VALUES (130205, 'PAIJAN', 1302);
INSERT INTO Distritos VALUES (130206, 'RAZURI', 1302);
INSERT INTO Distritos VALUES (130207, 'SANTIAGO DE CAO', 1302);
INSERT INTO Distritos VALUES (130208, 'CASA GRANDE', 1302);
INSERT INTO Distritos VALUES (130301, 'BOLIVAR', 1303);
INSERT INTO Distritos VALUES (130302, 'BAMBAMARCA', 1303);
INSERT INTO Distritos VALUES (130303, 'CONDORMARCA', 1303);
INSERT INTO Distritos VALUES (130304, 'LONGOTEA', 1303);
INSERT INTO Distritos VALUES (130305, 'UCHUMARCA', 1303);
INSERT INTO Distritos VALUES (130306, 'UCUNCHA', 1303);
INSERT INTO Distritos VALUES (130401, 'CHEPEN', 1304);
INSERT INTO Distritos VALUES (130402, 'PACANGA', 1304);
INSERT INTO Distritos VALUES (130501, 'JULCAN', 1305);
INSERT INTO Distritos VALUES (130502, 'CALAMARCA', 1305);
INSERT INTO Distritos VALUES (130503, 'CARABAMBA', 1305);
INSERT INTO Distritos VALUES (130601, 'OTUZCO', 1306);
INSERT INTO Distritos VALUES (130602, 'AGALLPAMPA', 1306);
INSERT INTO Distritos VALUES (130604, 'CHARAT', 1306);
INSERT INTO Distritos VALUES (130605, 'HUARANCHAL', 1306);
INSERT INTO Distritos VALUES (130606, 'LA CUESTA', 1306);
INSERT INTO Distritos VALUES (130608, 'PARANDAY', 1306);
INSERT INTO Distritos VALUES (130610, 'SALPO', 1306);
INSERT INTO Distritos VALUES (130611, 'SINSICAP', 1306);
INSERT INTO Distritos VALUES (130613, 'USQUIL', 1306);
INSERT INTO Distritos VALUES (130701, 'PACASMAYO', 1307);
INSERT INTO Distritos VALUES (130702, 'SAN PEDRO DE LLOC', 1307);
INSERT INTO Distritos VALUES (130703, 'GUADALUPE', 1307);
INSERT INTO Distritos VALUES (130704, 'JEQUETEPEQUE', 1307);
INSERT INTO Distritos VALUES (130705, 'PUEBLO NUEVO', 1307);
INSERT INTO Distritos VALUES (130801, 'TAYABAMBA', 1308);
INSERT INTO Distritos VALUES (130802, 'BULDIBUYO', 1308);
INSERT INTO Distritos VALUES (130803, 'CHILLIA', 1308);
INSERT INTO Distritos VALUES (130804, 'HUANCASPATA', 1308);
INSERT INTO Distritos VALUES (130805, 'HUAYLILLAS', 1308);
INSERT INTO Distritos VALUES (130806, 'HUAYO', 1308);
INSERT INTO Distritos VALUES (130807, 'ONGON', 1308);
INSERT INTO Distritos VALUES (130808, 'PARCOY', 1308);
INSERT INTO Distritos VALUES (130809, 'PATAZ', 1308);
INSERT INTO Distritos VALUES (130810, 'PIAS', 1308);
INSERT INTO Distritos VALUES (130811, 'TAURIJA', 1308);
INSERT INTO Distritos VALUES (130812, 'URPAY', 1308);
INSERT INTO Distritos VALUES (130813, 'SANTIAGO DE CHALLAS', 1308);
INSERT INTO Distritos VALUES (130901, 'HUAMACHUCO', 1309);
INSERT INTO Distritos VALUES (130902, 'COCHORCO', 1309);
INSERT INTO Distritos VALUES (130903, 'CURGOS', 1309);
INSERT INTO Distritos VALUES (130904, 'CHUGAY', 1309);
INSERT INTO Distritos VALUES (130905, 'MARCABAL', 1309);
INSERT INTO Distritos VALUES (130906, 'SANAGORAN', 1309);
INSERT INTO Distritos VALUES (130907, 'SARIN', 1309);
INSERT INTO Distritos VALUES (130908, 'SARTIMBAMBA', 1309);
INSERT INTO Distritos VALUES (131001, 'SANTIAGO DE CHUCO', 1310);
INSERT INTO Distritos VALUES (131002, 'CACHICADAN', 1310);
INSERT INTO Distritos VALUES (131003, 'MOLLEBAMBA', 1310);
INSERT INTO Distritos VALUES (131004, 'MOLLEPATA', 1310);
INSERT INTO Distritos VALUES (131005, 'QUIRUVILCA', 1310);
INSERT INTO Distritos VALUES (131006, 'SANTA CRUZ DE CHUCA', 1310);
INSERT INTO Distritos VALUES (131007, 'SITABAMBA', 1310);
INSERT INTO Distritos VALUES (131101, 'CASCAS', 1311);
INSERT INTO Distritos VALUES (131102, 'LUCMA', 1311);
INSERT INTO Distritos VALUES (131103, 'MARMOT', 1311);
INSERT INTO Distritos VALUES (131104, 'SAYAPULLO', 1311);
INSERT INTO Distritos VALUES (131201, 'VIRU', 1312);
INSERT INTO Distritos VALUES (131202, 'CHAO', 1312);
INSERT INTO Distritos VALUES (131203, 'GUADALUPITO', 1312);
INSERT INTO Distritos VALUES (180101, 'CARUMAS', 1801);
INSERT INTO Distritos VALUES (180102, 'CUCHUMBAYA', 1801);
INSERT INTO Distritos VALUES (180103, 'MOQUEGUA', 1801);
INSERT INTO Distritos VALUES (180104, 'SAMEGUA', 1801);
INSERT INTO Distritos VALUES (180105, 'SAN ANTONIO', 1801);
INSERT INTO Distritos VALUES (180106, 'SAN CRISTOBAL DE CALACAO', 1801);
INSERT INTO Distritos VALUES (180107, 'TORATA', 1801);
INSERT INTO Distritos VALUES (180201, 'OMATE', 1802);
INSERT INTO Distritos VALUES (180202, 'CHOJATA', 1802);
INSERT INTO Distritos VALUES (180203, 'COALAQUE', 1802);
INSERT INTO Distritos VALUES (180204, 'ICHUÑA', 1802);
INSERT INTO Distritos VALUES (180205, 'LA CAPILLA', 1802);
INSERT INTO Distritos VALUES (180206, 'LLOQUE', 1802);
INSERT INTO Distritos VALUES (180207, 'MATALAQUE', 1802);
INSERT INTO Distritos VALUES (180208, 'PUQUINA', 1802);
INSERT INTO Distritos VALUES (180209, 'QUINISTAQUILLAS', 1802);
INSERT INTO Distritos VALUES (180210, 'UBINAS', 1802);
INSERT INTO Distritos VALUES (180211, 'YUNGA', 1802);
INSERT INTO Distritos VALUES (180212, 'SAN JOSE DE MOQUEGUA', 1802);
INSERT INTO Distritos VALUES (180301, 'ILO', 1803);
INSERT INTO Distritos VALUES (180302, 'EL ALGARROBAL', 1803);
INSERT INTO Distritos VALUES (180303, 'PACOCHA', 1803);
INSERT INTO Distritos VALUES (210101, 'PUNO', 2101);
INSERT INTO Distritos VALUES (210102, 'ACORA', 2101);
INSERT INTO Distritos VALUES (210103, 'AMANTANI', 2101);
INSERT INTO Distritos VALUES (210104, 'ATUNCOLLA', 2101);
INSERT INTO Distritos VALUES (210105, 'CAPACHICA', 2101);
INSERT INTO Distritos VALUES (210106, 'CHUCUITO', 2101);
INSERT INTO Distritos VALUES (210107, 'COATA', 2101);
INSERT INTO Distritos VALUES (210108, 'HUATA', 2101);
INSERT INTO Distritos VALUES (210109, 'MAÑAZO', 2101);
INSERT INTO Distritos VALUES (210110, 'PAUCARCOLLA', 2101);
INSERT INTO Distritos VALUES (210111, 'PICHACANI', 2101);
INSERT INTO Distritos VALUES (210112, 'PLATERIA', 2101);
INSERT INTO Distritos VALUES (210113, 'SAN ANTONIO', 2101);
INSERT INTO Distritos VALUES (210114, 'TIQUILLACA', 2101);
INSERT INTO Distritos VALUES (210115, 'VILQUE', 2101);
INSERT INTO Distritos VALUES (210201, 'AZANGARO', 2102);
INSERT INTO Distritos VALUES (210202, 'ACHAYA', 2102);
INSERT INTO Distritos VALUES (210203, 'ARAPA', 2102);
INSERT INTO Distritos VALUES (210204, 'ASILLO', 2102);
INSERT INTO Distritos VALUES (210205, 'CAMINACA', 2102);
INSERT INTO Distritos VALUES (210206, 'CHUPA', 2102);
INSERT INTO Distritos VALUES (210207, 'JOSE DOMINGO CHOQUEHUANCA', 2102);
INSERT INTO Distritos VALUES (210208, 'MUÑANI', 2102);
INSERT INTO Distritos VALUES (210209, 'POTONI', 2102);
INSERT INTO Distritos VALUES (210210, 'SAMAN', 2102);
INSERT INTO Distritos VALUES (210211, 'SAN ANTON', 2102);
INSERT INTO Distritos VALUES (210212, 'SAN JOSE', 2102);
INSERT INTO Distritos VALUES (210213, 'SAN JUAN DE SALINAS', 2102);
INSERT INTO Distritos VALUES (210214, 'SANTIAGO DE PUPUJA', 2102);
INSERT INTO Distritos VALUES (210215, 'TIRAPATA', 2102);
INSERT INTO Distritos VALUES (210301, 'MACUSANI', 2103);
INSERT INTO Distritos VALUES (210302, 'AJOYANI', 2103);
INSERT INTO Distritos VALUES (210303, 'AYAPATA', 2103);
INSERT INTO Distritos VALUES (210304, 'COASA', 2103);
INSERT INTO Distritos VALUES (210305, 'CORANI', 2103);
INSERT INTO Distritos VALUES (210306, 'CRUCERO', 2103);
INSERT INTO Distritos VALUES (210307, 'ITUATA', 2103);
INSERT INTO Distritos VALUES (210308, 'OLLACHEA', 2103);
INSERT INTO Distritos VALUES (210309, 'SAN GABAN', 2103);
INSERT INTO Distritos VALUES (210310, 'USICAYOS', 2103);
INSERT INTO Distritos VALUES (210401, 'JULI', 2104);
INSERT INTO Distritos VALUES (210402, 'DESAGUADERO', 2104);
INSERT INTO Distritos VALUES (210403, 'HUACULLANI', 2104);
INSERT INTO Distritos VALUES (210404, 'KELLUYO', 2104);
INSERT INTO Distritos VALUES (210405, 'PISACOMA', 2104);
INSERT INTO Distritos VALUES (210406, 'POMATA', 2104);
INSERT INTO Distritos VALUES (210407, 'ZEPITA', 2104);
INSERT INTO Distritos VALUES (210501, 'ILAVE', 2105);
INSERT INTO Distritos VALUES (210502, 'CAPAZO', 2105);
INSERT INTO Distritos VALUES (210503, 'PILCUYO', 2105);
INSERT INTO Distritos VALUES (210504, 'SANTA ROSA', 2105);
INSERT INTO Distritos VALUES (210505, 'CONDURIRI', 2105);
INSERT INTO Distritos VALUES (210601, 'HUANCANE', 2106);
INSERT INTO Distritos VALUES (210602, 'COJATA', 2106);
INSERT INTO Distritos VALUES (210603, 'HUATASANI', 2106);
INSERT INTO Distritos VALUES (210604, 'INCHUPALLA', 2106);
INSERT INTO Distritos VALUES (210605, 'PUSI', 2106);
INSERT INTO Distritos VALUES (210606, 'ROSASPATA', 2106);
INSERT INTO Distritos VALUES (210607, 'TARACO', 2106);
INSERT INTO Distritos VALUES (210608, 'VILQUE CHICO', 2106);
INSERT INTO Distritos VALUES (210701, 'LAMPA', 2107);
INSERT INTO Distritos VALUES (210702, 'CABANILLA', 2107);
INSERT INTO Distritos VALUES (210703, 'CALAPUJA', 2107);
INSERT INTO Distritos VALUES (210704, 'NICASIO', 2107);
INSERT INTO Distritos VALUES (210705, 'OCUVIRI', 2107);
INSERT INTO Distritos VALUES (210706, 'PALCA', 2107);
INSERT INTO Distritos VALUES (210707, 'PARATIA', 2107);
INSERT INTO Distritos VALUES (210708, 'PUCARA', 2107);
INSERT INTO Distritos VALUES (210709, 'SANTA LUCIA', 2107);
INSERT INTO Distritos VALUES (210710, 'VILAVILA', 2107);
INSERT INTO Distritos VALUES (210801, 'AYAVIRI', 2108);
INSERT INTO Distritos VALUES (210802, 'ANTAUTA', 2108);
INSERT INTO Distritos VALUES (210803, 'CUPI', 2108);
INSERT INTO Distritos VALUES (210804, 'LLALLI', 2108);
INSERT INTO Distritos VALUES (210805, 'MACARI', 2108);
INSERT INTO Distritos VALUES (210806, 'NUÑOA', 2108);
INSERT INTO Distritos VALUES (210807, 'ORURILLO', 2108);
INSERT INTO Distritos VALUES (210808, 'SANTA ROSA', 2108);
INSERT INTO Distritos VALUES (210809, 'UMACHIRI', 2108);
INSERT INTO Distritos VALUES (210901, 'MOHO', 2109);
INSERT INTO Distritos VALUES (210902, 'CONIMA', 2109);
INSERT INTO Distritos VALUES (210903, 'HUAYRAPATA', 2109);
INSERT INTO Distritos VALUES (210904, 'TILALI', 2109);
INSERT INTO Distritos VALUES (211001, 'PUTINA', 2110);
INSERT INTO Distritos VALUES (211002, 'ANANEA', 2110);
INSERT INTO Distritos VALUES (211003, 'PEDRO VILCA APAZA', 2110);
INSERT INTO Distritos VALUES (211004, 'QUILCAPUNCU', 2110);
INSERT INTO Distritos VALUES (211005, 'SINA', 2110);
INSERT INTO Distritos VALUES (211101, 'JULIACA', 2111);
INSERT INTO Distritos VALUES (211102, 'CABANA', 2111);
INSERT INTO Distritos VALUES (211103, 'CABANILLAS', 2111);
INSERT INTO Distritos VALUES (211104, 'CARACOTO', 2111);
INSERT INTO Distritos VALUES (211201, 'SANDIA', 2112);
INSERT INTO Distritos VALUES (211202, 'CUYOCUYO', 2112);
INSERT INTO Distritos VALUES (211203, 'LIMBANI', 2112);
INSERT INTO Distritos VALUES (211204, 'PATAMBUCO', 2112);
INSERT INTO Distritos VALUES (211205, 'PHARA', 2112);
INSERT INTO Distritos VALUES (211206, 'QUIACA', 2112);
INSERT INTO Distritos VALUES (211207, 'SAN JUAN DEL ORO', 2112);
INSERT INTO Distritos VALUES (211208, 'YANAHUAYA', 2112);
INSERT INTO Distritos VALUES (211209, 'ALTO INAMBARI', 2112);
INSERT INTO Distritos VALUES (211210, 'SAN PEDRO DE PUTINA PUNCO', 2112);
INSERT INTO Distritos VALUES (211301, 'YUNGUYO', 2113);
INSERT INTO Distritos VALUES (211302, 'ANAPIA', 2113);
INSERT INTO Distritos VALUES (211303, 'COPANI', 2113);
INSERT INTO Distritos VALUES (211304, 'CUTURAPI', 2113);
INSERT INTO Distritos VALUES (211305, 'OLLARAYA', 2113);
INSERT INTO Distritos VALUES (211306, 'TINICACHI', 2113);
INSERT INTO Distritos VALUES (211307, 'UNICACHI', 2113);
INSERT INTO Distritos VALUES (230101, 'TACNA', 2301);
INSERT INTO Distritos VALUES (230102, 'ALTO DE LA ALIANZA', 2301);
INSERT INTO Distritos VALUES (230103, 'CALANA', 2301);
INSERT INTO Distritos VALUES (230104, 'CIUDAD NUEVA', 2301);
INSERT INTO Distritos VALUES (230105, 'INCLAN', 2301);
INSERT INTO Distritos VALUES (230106, 'PACHIA', 2301);
INSERT INTO Distritos VALUES (230107, 'PALCA', 2301);
INSERT INTO Distritos VALUES (230108, 'POCOLLAY', 2301);
INSERT INTO Distritos VALUES (230109, 'SAMA', 2301);
INSERT INTO Distritos VALUES (230110, 'CORONEL GREGORIO ALBARRACIN LANCHIPA', 2301);
INSERT INTO Distritos VALUES (230111, 'LA YARADA LOS PALOS', 2301);
INSERT INTO Distritos VALUES (230201, 'CANDARAVE', 2302);
INSERT INTO Distritos VALUES (230202, 'CAIRANI', 2302);
INSERT INTO Distritos VALUES (230203, 'CAMILACA', 2302);
INSERT INTO Distritos VALUES (230204, 'CURIBAYA', 2302);
INSERT INTO Distritos VALUES (230205, 'HUANUARA', 2302);
INSERT INTO Distritos VALUES (230206, 'QUILAHUANI', 2302);
INSERT INTO Distritos VALUES (230301, 'LOCUMBA', 2303);
INSERT INTO Distritos VALUES (230302, 'ILABAYA', 2303);
INSERT INTO Distritos VALUES (230303, 'ITE', 2303);
INSERT INTO Distritos VALUES (230401, 'TARATA', 2304);
INSERT INTO Distritos VALUES (230402, 'HEROES ALBARRACIN', 2304);
INSERT INTO Distritos VALUES (230403, 'ESTIQUE', 2304);
INSERT INTO Distritos VALUES (230404, 'ESTIQUE-PAMPA', 2304);
INSERT INTO Distritos VALUES (230405, 'SITAJARA', 2304);
INSERT INTO Distritos VALUES (230406, 'SUSAPAYA', 2304);
INSERT INTO Distritos VALUES (230407, 'TARUCACHI', 2304);
INSERT INTO Distritos VALUES (230408, 'TICACO', 2304);

INSERT INTO Estudios VALUES (100, 'FERNANDEZ NUÑEZ ASOC SRL TACNA');
INSERT INTO Estudios VALUES (101, 'FERNANDEZ NUÑEZ ASOC SRL PUNO');
INSERT INTO Estudios VALUES (103, 'FERNANDEZ NUÑEZ ASOC MOQUEGUA');
INSERT INTO Estudios VALUES (122, 'FERNANDEZ NUÑEZ - LA LIBERTAD');

INSERT INTO Eventos VALUES (100, 'DEMANDA PRESENTADA');
INSERT INTO Eventos VALUES (101, 'AMPLIACION DE LA DEMANDA');
INSERT INTO Eventos VALUES (102, 'DEMANDA INADMISIBLE');
INSERT INTO Eventos VALUES (103, 'DEMANDA IMPROCEDENTE');
INSERT INTO Eventos VALUES (104, 'DEMANDA ADMITIDA');
INSERT INTO Eventos VALUES (105, 'CONTRADICCION DE LA DEMANDA');
INSERT INTO Eventos VALUES (106, 'ABSOLUCION DE LA CONTRADICCION');
INSERT INTO Eventos VALUES (107, 'SOLICITUD DE SENTENCIA');
INSERT INTO Eventos VALUES (108, 'SENTENCIA A FAVOR');
INSERT INTO Eventos VALUES (109, 'SENTENCIA EN CONTRA');
INSERT INTO Eventos VALUES (110, 'SENTENCIA CONSENTIDA');
INSERT INTO Eventos VALUES (111, 'APELACION AFP');
INSERT INTO Eventos VALUES (112, 'APELACION EMPLEADOR');
INSERT INTO Eventos VALUES (113, 'JUZGADO CONCEDE APELACION');
INSERT INTO Eventos VALUES (114, 'SENTENCIA DE SEGUNDA INSTANCIA A FAVOR');
INSERT INTO Eventos VALUES (115, 'SENTENCIA DE SEGUNDA INSTANCIA EN CONTRA');
INSERT INTO Eventos VALUES (116, 'AMPLIACION INADMISIBLE');
INSERT INTO Eventos VALUES (117, 'AMPLIACION IMPROCEDENTE');
INSERT INTO Eventos VALUES (118, 'AMPLIACION ADMITIDA');
INSERT INTO Eventos VALUES (119, 'SENTENCIA CONSENTIDA EN CONTRA');
INSERT INTO Eventos VALUES (121, 'SENTENCIA A FAVOR DE DEMANDA AMPLIADA');
INSERT INTO Eventos VALUES (122, 'DEMANDA RETENIDA POR USAR IPC PARA DENUNCIA PENAL');
INSERT INTO Eventos VALUES (123, 'FUNDADA EN PARTE DE LA DEMANDA EN 1ERA INSTANCIA');
INSERT INTO Eventos VALUES (124, 'SENTENCIA CONSENTIDA EN PARTE');
INSERT INTO Eventos VALUES (125, 'FUNDADA EN PARTE DE LA DEMANDA EN 2DA INSTANCIA');
INSERT INTO Eventos VALUES (126, 'RESOLUCION QUE ORDENA REQUERIMIENTO DE PARTIDA');
INSERT INTO Eventos VALUES (131, 'SE DERIVA EXPEDIENTE A JUZGADO COMPETENTE');

INSERT INTO Eventos VALUES (000, 'OTROS EVENTOS');
INSERT INTO Eventos VALUES (001, 'REQUERIMIENTO DE EMBARGO');
INSERT INTO Eventos VALUES (002, 'REQUERIMIENTO DEL ARTICULO 46');
INSERT INTO Eventos VALUES (003, 'SOLICITUD DE DESARCHIVAMIENTO');
INSERT INTO Eventos VALUES (004, 'DENUNCIA PENAL');

INSERT INTO Deudas VALUES (1, 'DEUDA PRESUNTA POR OMISION');
INSERT INTO Deudas VALUES (2, 'DEUDA PRESUNTA POR DECLARACION');
INSERT INTO Deudas VALUES (3, 'DEUDA BAJO PAGO');
INSERT INTO Deudas VALUES (4, 'DEUDA DPS REAL');
INSERT INTO Deudas VALUES (5, 'DEUDA BOLETA');
INSERT INTO Deudas VALUES (6, 'DEUDA REAL POR DECLARACION DEL EMPLEADOR (DPE)');
INSERT INTO Deudas VALUES (12, 'REPRO (FRACCIONAMIENTO)');

INSERT INTO Estados VALUES (1, 'VIGENTE');
INSERT INTO Estados VALUES (2, 'CERRADA');

INSERT INTO Sinoe VALUES (1, 'ANNI');
INSERT INTO Sinoe VALUES (2, 'MIGUEL');
INSERT INTO Sinoe VALUES (3, 'EGYO');
